iso_alpha_3,date,confirmed,tests,ratio
CZE,2020-01-22,0,0,1e-06
CZE,2020-01-23,0,0,0.999999
CZE,2020-01-24,0,0,0.999999
CZE,2020-01-25,0,0,0.999999
CZE,2020-01-26,0,0,0.999999
CZE,2020-01-27,0,20,0.05
CZE,2020-01-28,0,8,0.125
CZE,2020-01-29,0,5,0.2
CZE,2020-01-30,0,1,0.999999
CZE,2020-01-31,0,3,0.3333333333333333
CZE,2020-02-01,0,1,0.999999
CZE,2020-02-02,0,5,0.2
CZE,2020-02-03,0,5,0.2
CZE,2020-02-04,0,5,0.2
CZE,2020-02-05,0,0,0.999999
CZE,2020-02-06,0,3,0.3333333333333333
CZE,2020-02-07,0,6,0.16666666666666666
CZE,2020-02-08,0,0,0.999999
CZE,2020-02-09,0,2,0.5
CZE,2020-02-10,0,8,0.125
CZE,2020-02-11,0,2,0.5
CZE,2020-02-12,0,1,0.999999
CZE,2020-02-13,0,1,0.999999
CZE,2020-02-14,0,0,0.999999
CZE,2020-02-15,0,1,0.999999
CZE,2020-02-16,0,1,0.999999
CZE,2020-02-17,0,2,0.5
CZE,2020-02-18,0,0,0.999999
CZE,2020-02-19,0,2,0.5
CZE,2020-02-20,0,0,0.999999
CZE,2020-02-21,0,0,0.999999
CZE,2020-02-22,0,1,0.999999
CZE,2020-02-23,0,3,0.3333333333333333
CZE,2020-02-24,0,12,0.08333333333333333
CZE,2020-02-25,0,14,0.07142857142857142
CZE,2020-02-26,0,23,0.043478260869565216
CZE,2020-02-27,0,35,0.02857142857142857
CZE,2020-02-28,0,23,0.043478260869565216
CZE,2020-02-29,0,7,0.14285714285714285
CZE,2020-03-01,3,11,0.2727272727272727
CZE,2020-03-02,0,51,0.0196078431372549
CZE,2020-03-03,2,78,0.02564102564102564
CZE,2020-03-04,1,67,0.014925373134328358
CZE,2020-03-05,3,76,0.039473684210526314
CZE,2020-03-06,11,111,0.0990990990990991
CZE,2020-03-07,7,193,0.03626943005181347
CZE,2020-03-08,6,141,0.0425531914893617
CZE,2020-03-09,6,265,0.022641509433962263
CZE,2020-03-10,25,165,0.15151515151515152
CZE,2020-03-11,31,458,0.06768558951965066
CZE,2020-03-12,22,537,0.040968342644320296
CZE,2020-03-13,25,845,0.029585798816568046
CZE,2020-03-14,48,986,0.0486815415821501
CZE,2020-03-15,109,1028,0.10603112840466926
CZE,2020-03-16,85,1319,0.06444275966641395
CZE,2020-03-17,67,1294,0.0517774343122102
CZE,2020-03-18,110,1756,0.06264236902050115
CZE,2020-03-19,206,2259,0.09119079238601151
CZE,2020-03-20,124,2121,0.058462989156058465
CZE,2020-03-21,159,1882,0.0844845908607864
CZE,2020-03-22,115,1801,0.06385341476957246
CZE,2020-03-23,126,2291,0.05499781754692274
CZE,2020-03-24,185,3062,0.060418027433050296
CZE,2020-03-25,292,4107,0.07109812515217921
CZE,2020-03-26,259,4633,0.055903302395855815
CZE,2020-03-27,377,5359,0.07034894569882441
CZE,2020-03-28,263,4224,0.062263257575757576
CZE,2020-03-29,159,2848,0.055828651685393256
CZE,2020-03-30,184,5159,0.03566582671060283
CZE,2020-03-31,304,6661,0.045638792974027925
CZE,2020-04-01,283,6102,0.04637823664372337
CZE,2020-04-02,268,6673,0.04016184624606624
CZE,2020-04-03,333,7398,0.045012165450121655
CZE,2020-04-04,283,5837,0.04848381017646051
CZE,2020-04-05,117,4812,0.024314214463840397
CZE,2020-04-06,236,6435,0.03667443667443668
CZE,2020-04-07,196,8173,0.02398140217790285
CZE,2020-04-08,294,8469,0.03471484236627701
CZE,2020-04-09,257,8180,0.031418092909535456
CZE,2020-04-10,163,5702,0.028586460890915467
CZE,2020-04-11,170,4891,0.03475771825802494
CZE,2020-04-12,89,3250,0.027384615384615386
CZE,2020-04-13,68,3215,0.021150855365474338
CZE,2020-04-14,82,6173,0.013283654624979751
CZE,2020-04-15,160,8476,0.018876828692779613
CZE,2020-04-16,132,8381,0.015749910511872092
CZE,2020-04-17,116,8288,0.013996138996138996
CZE,2020-04-18,105,5605,0.01873327386262266
CZE,2020-04-19,92,4027,0.022845790911348397
CZE,2020-04-20,154,6567,0.023450586264656615
CZE,2020-04-21,133,8341,0.015945330296127564
CZE,2020-04-22,99,8818,0.011227035608981629
CZE,2020-04-23,55,7901,0.0069611441589672194
CZE,2020-04-24,86,7129,0.012063403001823538
CZE,2020-04-25,79,4446,0.017768780926675665
CZE,2020-04-26,52,3381,0.015380065069506064
CZE,2020-04-27,41,7754,0.005287593500128965
CZE,2020-04-28,60,8741,0.00686420318041414
CZE,2020-04-29,75,7322,0.010243102977328599
CZE,2020-04-30,104,7396,0.014061654948620876
CZE,2020-05-01,55,4497,0.012230375806092951
CZE,2020-05-02,18,3885,0.004633204633204633
CZE,2020-05-03,26,3881,0.006699304303014687
CZE,2020-05-04,38,7756,0.004899432697266632
CZE,2020-05-05,77,9383,0.008206330597889801
CZE,2020-05-06,79,8052,0.009811227024341779
CZE,2020-05-07,58,7599,0.007632583234636136
CZE,2020-05-08,46,4510,0.010199556541019957
CZE,2020-05-09,18,3788,0.004751847940865892
CZE,2020-05-10,28,4052,0.006910167818361303
CZE,2020-05-11,56,7809,0.007171212703291074
CZE,2020-05-12,45,8755,0.005139920045688178
CZE,2020-05-13,50,7687,0.006504488096786783
CZE,2020-05-14,82,6902,0.011880614314691394
CZE,2020-05-15,55,6790,0.008100147275405008
CZE,2020-05-16,51,4197,0.012151536812008578
CZE,2020-05-17,20,3553,0.005629045876723895
CZE,2020-05-18,113,7458,0.015151515151515152
CZE,2020-05-19,62,8336,0.007437619961612284
CZE,2020-05-20,74,7518,0.009843043362596435
CZE,2020-05-21,35,7290,0.004801097393689987
CZE,2020-05-22,59,7748,0.007614868353123387
CZE,2020-05-23,77,5059,0.015220399288396916
CZE,2020-05-24,65,3849,0.016887503247596778
CZE,2020-05-25,47,7508,0.006259989344698988
CZE,2020-05-26,51,7241,0.00704322607374672
CZE,2020-05-27,37,6846,0.005404615834063687
CZE,2020-05-28,54,6013,0.008980542158656245
CZE,2020-05-29,57,6113,0.009324390642892196
CZE,2020-05-30,34,3548,0.009582863585118376
CZE,2020-05-31,38,2141,0.017748715553479684
CZE,2020-06-01,34,5721,0.005943016955077784
CZE,2020-06-02,63,6478,0.009725223834516827
CZE,2020-06-03,74,5313,0.013928100884622624
CZE,2020-06-04,61,5011,0.012173218918379565
CZE,2020-06-05,35,4173,0.008387251377905584
CZE,2020-06-06,38,2150,0.017674418604651163
CZE,2020-06-07,61,2127,0.028678890456041373
CZE,2020-06-08,69,4684,0.014730999146029034
CZE,2020-06-09,55,4552,0.012082601054481546
CZE,2020-06-10,73,4068,0.017944936086529008
CZE,2020-06-11,64,3739,0.017116876170098955
CZE,2020-06-12,52,3726,0.013955984970477724
CZE,2020-06-13,53,1652,0.03208232445520581
CZE,2020-06-14,33,1121,0.029438001784121322
CZE,2020-06-15,40,3673,0.010890280424720936
CZE,2020-06-16,47,4023,0.011682823763360677
CZE,2020-06-17,51,4036,0.01263627353815659
CZE,2020-06-18,118,4403,0.02679990915285033
CZE,2020-06-19,126,3574,0.035254616675993285
CZE,2020-06-20,42,1699,0.024720423778693348
CZE,2020-06-21,50,1313,0.03808073115003808
CZE,2020-06-22,64,3910,0.016368286445012786
CZE,2020-06-23,89,4567,0.01948762864024524
CZE,2020-06-24,127,4287,0.029624445999533473
CZE,2020-06-25,93,4047,0.022979985174203115
CZE,2020-06-26,168,4533,0.037061548643282594
CZE,2020-06-27,260,2554,0.10180109631949882
CZE,2020-06-28,305,2423,0.12587701196863393
CZE,2020-06-29,201,4485,0.044816053511705686
CZE,2020-06-30,149,4412,0.03377153218495014
CZE,2020-07-01,91,4593,0.019812758545612888
CZE,2020-07-02,132,4665,0.02829581993569132
CZE,2020-07-03,140,5109,0.02740262282247015
CZE,2020-07-04,121,1687,0.07172495554238292
CZE,2020-07-05,75,1524,0.04921259842519685
CZE,2020-07-06,51,1714,0.029754959159859977
CZE,2020-07-07,118,4159,0.028372204856936763
CZE,2020-07-08,129,5406,0.02386237513873474
CZE,2020-07-09,105,4682,0.0224263135412217
CZE,2020-07-10,141,5333,0.02643915244702794
CZE,2020-07-11,53,2321,0.022834984920292976
CZE,2020-07-12,59,1787,0.03301622831561276
CZE,2020-07-13,64,4424,0.014466546112115732
CZE,2020-07-14,104,4802,0.021657642648896292
CZE,2020-07-15,134,4694,0.028547081380485728
CZE,2020-07-16,137,4730,0.028964059196617337
CZE,2020-07-17,128,4727,0.027078485297228685
CZE,2020-07-18,112,2334,0.04798628963153385
CZE,2020-07-19,91,1830,0.04972677595628415
CZE,2020-07-20,168,5785,0.029040622299049267
CZE,2020-07-21,207,6089,0.033995730004926915
CZE,2020-07-22,245,6609,0.0370706612195491
CZE,2020-07-23,231,5557,0.04156919201007738
CZE,2020-07-24,278,6238,0.04456556588650208
CZE,2020-07-25,132,3337,0.039556487863350316
CZE,2020-07-26,114,1784,0.06390134529147982
CZE,2020-07-27,194,6552,0.029609279609279608
CZE,2020-07-28,276,7909,0.03489695283853837
CZE,2020-07-29,274,7509,0.0364895458782794
CZE,2020-07-30,254,7623,0.033320215138396954
CZE,2020-07-31,231,8206,0.028150134048257374
CZE,2020-08-01,124,4707,0.026343743360951775
CZE,2020-08-02,101,2647,0.03815640347563279
CZE,2020-08-03,208,7746,0.026852569067906017
CZE,2020-08-04,287,8414,0.03410981697171381
CZE,2020-08-05,241,6945,0.03470122390208783
CZE,2020-08-06,214,7362,0.02906818799239337
CZE,2020-08-07,322,9206,0.034977188789919615
CZE,2020-08-08,173,5511,0.03139176193068409
CZE,2020-08-09,122,2928,0.041666666666666664
CZE,2020-08-10,141,6483,0.02174919018972698
CZE,2020-08-11,288,8693,0.03313010468192799
CZE,2020-08-12,289,7922,0.03648068669527897
CZE,2020-08-13,330,7412,0.044522396114409064
CZE,2020-08-14,291,7998,0.036384096024006
CZE,2020-08-15,197,5113,0.038529239194210835
CZE,2020-08-16,121,2979,0.04061765693185633
CZE,2020-08-17,191,7252,0.026337562051847768
CZE,2020-08-18,281,7690,0.036540962288686606
CZE,2020-08-19,312,7655,0.04075767472240366
CZE,2020-08-20,246,8238,0.02986161689730517
CZE,2020-08-21,504,9712,0.051894563426688634
CZE,2020-08-22,234,5118,0.04572098475967175
CZE,2020-08-23,136,2404,0.056572379367720464
CZE,2020-08-24,259,7413,0.03493862134088763
CZE,2020-08-25,364,8763,0.04153828597512268
CZE,2020-08-26,396,8885,0.044569499155880696
CZE,2020-08-27,350,9198,0.0380517503805175
CZE,2020-08-28,485,10826,0.04479955662294476
CZE,2020-08-29,320,6573,0.0486840103453522
CZE,2020-08-30,274,3946,0.06943740496705525
CZE,2020-08-31,256,9371,0.02731832248425995
CZE,2020-09-01,499,11137,0.04480560294513783
CZE,2020-09-02,645,11810,0.054614733276883994
CZE,2020-09-03,675,11541,0.05848713283077723
CZE,2020-09-04,797,13654,0.05837117328255456
CZE,2020-09-05,504,7468,0.06748794858061061
CZE,2020-09-06,410,4537,0.09036808463742561
CZE,2020-09-07,561,11604,0.04834539813857291
CZE,2020-09-08,1161,16115,0.07204467887061744
CZE,2020-09-09,1158,15506,0.07468076873468335
CZE,2020-09-10,1382,16513,0.08369163689214558
CZE,2020-09-11,1443,19217,0.07508976427121819
CZE,2020-09-12,1537,13317,0.11541638507171285
CZE,2020-09-13,791,7090,0.11156558533145275
CZE,2020-09-14,1028,17519,0.058679148353216505
CZE,2020-09-15,1676,20461,0.08191193001319584
CZE,2020-09-16,2133,20587,0.10360907368727838
CZE,2020-09-17,3124,23591,0.13242338179814336
CZE,2020-09-18,2108,21580,0.09768303985171455
CZE,2020-09-19,2045,15231,0.13426564243976102
CZE,2020-09-20,984,10561,0.09317299498153583
CZE,2020-09-21,1476,19410,0.07604327666151468
CZE,2020-09-22,2387,22400,0.1065625
CZE,2020-09-23,2306,22445,0.10274003118734684
CZE,2020-09-24,2906,23163,0.12545870569442646
CZE,2020-09-25,2946,23132,0.1273560435759986
CZE,2020-09-26,1981,15388,0.12873667793085522
CZE,2020-09-27,1304,10468,0.12457011845624762
CZE,2020-09-28,1284,12218,0.10509084956621378
CZE,2020-09-29,1963,18323,0.10713311139005621
CZE,2020-09-30,2926,21092,0.13872558315949174
CZE,2020-10-01,3502,23921,0.14639856193302955
CZE,2020-10-02,3795,23639,0.16053978594695206
CZE,2020-10-03,2554,15201,0.16801526215380566
CZE,2020-10-04,1841,7776,0.23675411522633744
CZE,2020-10-05,3118,17768,0.1754840162089149
CZE,2020-10-06,4458,23045,0.19344760251681492
CZE,2020-10-07,5336,24020,0.22214820982514571
CZE,2020-10-08,5394,25073,0.21513181509990828
CZE,2020-10-09,8618,27743,0.3106369174206106
CZE,2020-10-10,4636,18124,0.2557934230854116
CZE,2020-10-11,3104,11504,0.2698191933240612
CZE,2020-10-12,4308,22048,0.19539187227866472
CZE,2020-10-13,8324,31638,0.2631013338390543
CZE,2020-10-14,9545,34859,0.27381737858228866
CZE,2020-10-15,9724,34806,0.2793771188875481
CZE,2020-10-16,11104,38723,0.28675464194406425
CZE,2020-10-17,8713,29279,0.2975853000444004
CZE,2020-10-18,5059,17240,0.29344547563805107
CZE,2020-10-19,8077,31165,0.2591689395154821
CZE,2020-10-20,11985,40597,0.29521885853634505
CZE,2020-10-21,14971,45245,0.33088739087191954
CZE,2020-10-22,14155,46425,0.3049003769520732
CZE,2020-10-23,15248,45252,0.3369574825422081
CZE,2020-10-24,12473,39192,0.318253725250051
CZE,2020-10-25,7300,21593,0.33807252350298705
CZE,2020-10-26,10272,35597,0.2885636430036239
CZE,2020-10-27,15666,47498,0.32982441365952253
CZE,2020-10-28,12977,40123,0.32343045136206167
CZE,2020-10-29,13051,42577,0.30652699814453815
CZE,2020-10-30,13603,46822,0.2905258211951647
CZE,2020-10-31,11427,36296,0.31482808022922637
CZE,2020-11-01,6551,20643,0.31734728479387686
CZE,2020-11-02,9239,32728,0.28229650452212174
CZE,2020-11-03,12090,43327,0.27904078288365225
CZE,2020-11-04,15725,45484,0.34572596957171753
CZE,2020-11-05,13234,43233,0.3061087595124095
CZE,2020-11-06,11546,40325,0.28632362058276506
CZE,2020-11-07,7721,26243,0.2942117898106162
CZE,2020-11-08,3609,13727,0.2629125081955271
CZE,2020-11-09,6048,30467,0.19850986313060032
CZE,2020-11-10,9056,37274,0.24295755754681547
CZE,2020-11-11,8921,32938,0.27084218835387697
CZE,2020-11-12,7874,31174,0.2525822801052159
CZE,2020-11-13,7358,31297,0.23510240598140397
CZE,2020-11-14,4196,16193,0.2591243129747422
CZE,2020-11-15,1891,9020,0.20964523281596453
CZE,2020-11-16,5414,26067,0.2076955537652971
CZE,2020-11-17,4246,17590,0.24138715179079023
CZE,2020-11-18,5514,24531,0.22477681301210714
CZE,2020-11-19,6470,26704,0.24228579988016777
CZE,2020-11-20,5808,25854,0.22464608957994894
CZE,2020-11-21,3191,14584,0.21880142622051563
CZE,2020-11-22,1509,7230,0.2087136929460581
CZE,2020-11-23,4379,23660,0.18508030431107353
CZE,2020-11-24,5861,24631,0.23795217408956193
CZE,2020-11-25,4929,22650,0.2176158940397351
CZE,2020-11-26,4049,20554,0.19699328597839835
CZE,2020-11-27,4462,23395,0.1907245137849968
CZE,2020-11-28,2667,12322,0.21644213601688037
CZE,2020-11-29,1074,6450,0.16651162790697674
CZE,2020-11-30,3572,22266,0.16042396478936496
CZE,2020-12-01,5180,23184,0.22342995169082125
CZE,2020-12-02,4561,22670,0.2011910013233348
CZE,2020-12-03,4624,20726,0.22310141850815401
CZE,2020-12-04,4747,22777,0.20841199455591167
CZE,2020-12-05,3312,12984,0.25508317929759705
CZE,2020-12-06,1112,6695,0.1660941000746826
CZE,2020-12-07,4251,22913,0.1855278662767861
CZE,2020-12-08,5855,26195,0.22351593815613666
CZE,2020-12-09,6414,25268,0.25383884755421876
CZE,2020-12-10,5872,25571,0.22963513354972429
CZE,2020-12-11,6209,28465,0.2181275250307395
CZE,2020-12-12,3655,16087,0.22720208864300367
CZE,2020-12-13,1998,8976,0.22259358288770054
CZE,2020-12-14,5176,26378,0.19622412616574417
CZE,2020-12-15,7908,32175,0.24578088578088578
CZE,2020-12-16,8256,32492,0.2540933152776068
CZE,2020-12-17,7614,31303,0.24323547263840525
CZE,2020-12-18,8836,34018,0.2597448409665471
CZE,2020-12-19,5326,21345,0.24951979386273132
CZE,2020-12-20,3403,11598,0.29341265735471633
CZE,2020-12-21,7950,29532,0.26919951239333606
CZE,2020-12-22,10910,36288,0.30065035273368607
CZE,2020-12-23,14138,41867,0.33768839420068314
CZE,2020-12-24,4373,10713,0.408195650144684
CZE,2020-12-25,2671,7819,0.34160378565033894
CZE,2020-12-26,3031,8715,0.3477911646586345
CZE,2020-12-27,3781,10483,0.3606791948869598
CZE,2020-12-28,10935,28201,0.38775220736853305
CZE,2020-12-29,16470,36075,0.4565488565488566
CZE,2020-12-30,17059,35441,0.4813351767726644
CZE,2020-12-31,13306,27906,0.4768150218590984
CZE,2021-01-01,3446,6584,0.5233900364520049
CZE,2021-01-02,4985,13449,0.3706595285894862
CZE,2021-01-03,6267,15322,0.40901971022059785
CZE,2021-01-04,12952,35177,0.36819512749808114
CZE,2021-01-05,17397,43834,0.3968836975863485
CZE,2021-01-06,17768,39003,0.45555470092044204
CZE,2021-01-07,14880,38972,0.3818125833932054
CZE,2021-01-08,13099,38752,0.3380212634186623
CZE,2021-01-09,8436,21078,0.4002277255906633
CZE,2021-01-10,4311,12316,0.3500324780772978
CZE,2021-01-11,9383,33988,0.2760680240084736
CZE,2021-01-12,10808,36355,0.29729060651904826
CZE,2021-01-13,10915,32368,0.3372157686604053
CZE,2021-01-14,8086,30208,0.267677436440678
CZE,2021-01-15,9299,31187,0.29816910892358994
CZE,2021-01-16,5240,17389,0.3013399275403991
CZE,2021-01-17,2641,8835,0.2989247311827957
CZE,2021-01-18,7666,29800,0.25724832214765103
CZE,2021-01-19,9608,31788,0.3022524222977224
CZE,2021-01-20,8215,28593,0.28730808239778965
CZE,2021-01-21,7532,25137,0.29963798384851015
CZE,2021-01-22,8465,30391,0.2785364088052384
CZE,2021-01-23,4239,14134,0.2999150983444177
CZE,2021-01-24,2394,7885,0.3036144578313253
CZE,2021-01-25,6973,27261,0.25578665492828584
CZE,2021-01-26,9194,29443,0.31226437523350203
CZE,2021-01-27,8502,30486,0.2788821098209014
CZE,2021-01-28,8009,25817,0.31022194677925397
CZE,2021-01-29,8052,31329,0.2570142679306713
CZE,2021-01-30,4055,14426,0.2810896991543047
CZE,2021-01-31,2573,7632,0.3371331236897275
CZE,2021-02-01,7217,27495,0.2624840880160029
CZE,2021-02-02,9148,29984,0.30509605122732125
CZE,2021-02-03,9666,31796,0.3040005032079507
CZE,2021-02-04,8106,27744,0.2921712802768166
CZE,2021-02-05,8621,31193,0.27637611002468504
CZE,2021-02-06,4820,14899,0.3235116450768508
CZE,2021-02-07,2451,7819,0.3134671952935158
CZE,2021-02-08,7779,25605,0.30380785002929117
CZE,2021-02-09,10281,31375,0.3276812749003984
CZE,2021-02-10,9537,29928,0.3186647955092221
CZE,2021-02-11,9017,28230,0.3194119730782855
CZE,2021-02-12,8827,31057,0.2842193386354123
CZE,2021-02-13,5141,16458,0.31237088346093084
CZE,2021-02-14,2879,8388,0.3432284215546018
CZE,2021-02-15,8905,29117,0.3058350791633753
CZE,2021-02-16,12608,34541,0.3650154888393503
CZE,2021-02-17,10937,32781,0.33363838809066226
CZE,2021-02-18,11701,34073,0.3434097379156517
CZE,2021-02-19,11286,37505,0.3009198773496867
CZE,2021-02-20,6775,18806,0.36025736467084973
CZE,2021-02-21,4066,9572,0.4247806101128291
CZE,2021-02-22,11403,33899,0.3363816041771144
CZE,2021-02-23,15840,40914,0.387153541575011
CZE,2021-02-24,13794,40169,0.34339913863924915
CZE,2021-02-25,14586,39765,0.366804979253112
CZE,2021-02-26,14775,41855,0.3530044200215028
CZE,2021-02-27,7822,23064,0.3391432535553243
CZE,2021-02-28,4586,11706,0.3917649068853579
CZE,2021-03-01,12323,35103,0.35105261658547704
CZE,2021-03-02,16775,44537,0.3766531198778544
CZE,2021-03-03,15238,41145,0.37034876655729737
CZE,2021-03-04,14642,39853,0.3674001957192683
CZE,2021-03-05,13166,42769,0.30783979050246674
CZE,2021-03-06,9121,21983,0.4149115225401447
CZE,2021-03-07,3980,11096,0.3586878154289834
CZE,2021-03-08,10640,32782,0.3245683606857422
CZE,2021-03-09,15346,39689,0.3866562523621154
CZE,2021-03-10,14539,40560,0.358456607495069
CZE,2021-03-11,11235,34699,0.3237845471051039
CZE,2021-03-12,14967,39134,0.38245515408596104
CZE,2021-03-13,6936,17217,0.4028576407039554
CZE,2021-03-14,3291,7714,0.42662691210785586
ITA,2020-01-22,0,0,0.999999
ITA,2020-01-23,0,0,0.999999
ITA,2020-01-24,0,0,0.999999
ITA,2020-01-25,0,0,0.999999
ITA,2020-01-26,0,0,0.999999
ITA,2020-01-27,0,0,0.999999
ITA,2020-01-28,0,0,0.999999
ITA,2020-01-29,0,0,0.999999
ITA,2020-01-30,0,0,0.999999
ITA,2020-01-31,0,0,0.999999
ITA,2020-02-01,0,0,0.999999
ITA,2020-02-02,0,0,0.999999
ITA,2020-02-03,0,0,0.999999
ITA,2020-02-04,0,0,0.999999
ITA,2020-02-05,0,0,0.999999
ITA,2020-02-06,0,0,0.999999
ITA,2020-02-07,0,0,0.999999
ITA,2020-02-08,0,0,0.999999
ITA,2020-02-09,0,0,0.999999
ITA,2020-02-10,0,0,0.999999
ITA,2020-02-11,0,0,0.999999
ITA,2020-02-12,0,0,0.999999
ITA,2020-02-13,0,0,0.999999
ITA,2020-02-14,0,0,0.999999
ITA,2020-02-15,0,0,0.999999
ITA,2020-02-16,0,0,0.999999
ITA,2020-02-17,0,0,0.999999
ITA,2020-02-18,0,0,0.999999
ITA,2020-02-19,0,0,0.999999
ITA,2020-02-20,0,0,0.999999
ITA,2020-02-21,0,0,0.999999
ITA,2020-02-22,0,0,0.999999
ITA,2020-02-23,0,0,0.999999
ITA,2020-02-24,229,4324,0.05296022201665125
ITA,2020-02-25,93,4299,0.021632937892533146
ITA,2020-02-26,78,964,0.08091286307053942
ITA,2020-02-27,250,2427,0.10300782859497322
ITA,2020-02-28,238,3681,0.06465634338494974
ITA,2020-02-29,240,2966,0.08091706001348618
ITA,2020-03-01,566,2466,0.22952149229521493
ITA,2020-03-02,342,2218,0.15419296663660956
ITA,2020-03-03,466,2511,0.18558343289526086
ITA,2020-03-04,587,3981,0.14745038934940968
ITA,2020-03-05,769,2525,0.30455445544554455
ITA,2020-03-06,778,3997,0.19464598448836629
ITA,2020-03-07,1247,5703,0.2186568472733649
ITA,2020-03-08,1492,7875,0.18946031746031747
ITA,2020-03-09,1797,3889,0.46207251221393675
ITA,2020-03-10,977,6935,0.1408795962509012
ITA,2020-03-11,2313,12393,0.18663761801016704
ITA,2020-03-12,2651,12857,0.20619117990199892
ITA,2020-03-13,2547,11477,0.22192210507972468
ITA,2020-03-14,3497,11682,0.29934942646807056
ITA,2020-03-15,3590,15729,0.22824082904189713
ITA,2020-03-16,3233,13063,0.24749291893133277
ITA,2020-03-17,3526,10695,0.3296867695184666
ITA,2020-03-18,4207,16884,0.24917081260364843
ITA,2020-03-19,5322,17236,0.30877233696913436
ITA,2020-03-20,5986,24109,0.2482890206976648
ITA,2020-03-21,6557,26336,0.24897478736330497
ITA,2020-03-22,5560,25180,0.22081016679904686
ITA,2020-03-23,4789,17066,0.2806164303293097
ITA,2020-03-24,5249,21496,0.24418496464458503
ITA,2020-03-25,5210,27481,0.1895855318219861
ITA,2020-03-26,6153,36615,0.16804588283490374
ITA,2020-03-27,5959,33019,0.18047184954117326
ITA,2020-03-28,5974,35447,0.16853330324145907
ITA,2020-03-29,5217,24504,0.21290401567091088
ITA,2020-03-30,4050,23329,0.17360366925286125
ITA,2020-03-31,4053,29609,0.13688405552365834
ITA,2020-04-01,4782,34455,0.13878972572921203
ITA,2020-04-02,4668,39809,0.11725991609937451
ITA,2020-04-03,4585,38617,0.11873009296423855
ITA,2020-04-04,4805,37375,0.128561872909699
ITA,2020-04-05,4316,34237,0.12606244706019804
ITA,2020-04-06,3599,30271,0.11889266955171617
ITA,2020-04-07,3039,33713,0.09014326817548127
ITA,2020-04-08,3836,51680,0.07422600619195047
ITA,2020-04-09,4204,46244,0.09090909090909091
ITA,2020-04-10,3951,53495,0.07385736984764932
ITA,2020-04-11,4694,56609,0.08291967708314932
ITA,2020-04-12,4092,46720,0.08758561643835616
ITA,2020-04-13,3153,36717,0.08587302884222567
ITA,2020-04-14,2972,26779,0.11098248627655999
ITA,2020-04-15,2667,43715,0.06100880704563651
ITA,2020-04-16,3786,60999,0.062066591255594356
ITA,2020-04-17,3493,65705,0.05316185982801918
ITA,2020-04-18,3491,61725,0.056557310652085864
ITA,2020-04-19,3047,50708,0.0600891378086298
ITA,2020-04-20,2256,41483,0.05438372345298074
ITA,2020-04-21,2729,52126,0.052353911675555385
ITA,2020-04-22,3370,63101,0.05340644363797721
ITA,2020-04-23,2646,66658,0.03969516037084821
ITA,2020-04-24,3021,62447,0.048377023716111266
ITA,2020-04-25,2357,65387,0.03604692064171777
ITA,2020-04-26,2324,49916,0.04655821780591394
ITA,2020-04-27,1739,32003,0.05433865575102334
ITA,2020-04-28,2091,57272,0.036509987428411786
ITA,2020-04-29,2086,63827,0.03268209378476193
ITA,2020-04-30,1872,68456,0.027346032488021504
ITA,2020-05-01,1965,74208,0.026479624838292366
ITA,2020-05-02,1900,55412,0.034288601746914026
ITA,2020-05-03,1389,44935,0.03091131634583287
ITA,2020-05-04,1221,37631,0.03244665302543116
ITA,2020-05-05,1075,55263,0.01945243653077104
ITA,2020-05-06,1444,64263,0.022470161679348927
ITA,2020-05-07,1401,70359,0.019912164755041997
ITA,2020-05-08,1327,63775,0.02080752646021168
ITA,2020-05-09,1083,69171,0.015656850414190918
ITA,2020-05-10,802,51678,0.015519176438716668
ITA,2020-05-11,744,40740,0.01826215022091311
ITA,2020-05-12,1402,67003,0.020924436219273763
ITA,2020-05-13,888,61973,0.0143288206154293
ITA,2020-05-14,992,71876,0.013801547108909788
ITA,2020-05-15,789,68176,0.011572987561605257
ITA,2020-05-16,875,69179,0.012648347041732318
ITA,2020-05-17,675,60101,0.011231094324553667
ITA,2020-05-18,451,36406,0.012388067900895456
ITA,2020-05-19,813,63158,0.012872478545869091
ITA,2020-05-20,665,67195,0.009896569685244438
ITA,2020-05-21,642,71679,0.008956598166827104
ITA,2020-05-22,652,75380,0.00864950915362165
ITA,2020-05-23,669,72410,0.009239055379091286
ITA,2020-05-24,531,55824,0.009512037833190027
ITA,2020-05-25,300,35241,0.008512811781731506
ITA,2020-05-26,397,57674,0.00688351770295107
ITA,2020-05-27,584,67324,0.008674469728477215
ITA,2020-05-28,593,75893,0.007813632350809693
ITA,2020-05-29,516,72135,0.007153254314826368
ITA,2020-05-30,416,69342,0.005999250093738283
ITA,2020-05-31,355,54118,0.0065597398277837315
ITA,2020-06-01,178,31394,0.0056698732241829645
ITA,2020-06-02,318,52159,0.0060967426522747755
ITA,2020-06-03,321,37299,0.008606128850639428
ITA,2020-06-04,177,49953,0.003543330730887034
ITA,2020-06-05,518,65028,0.00796579934797318
ITA,2020-06-06,270,72485,0.0037249086017796785
ITA,2020-06-07,197,49478,0.003981567565382594
ITA,2020-06-08,280,27112,0.010327530244910003
ITA,2020-06-09,283,55003,0.005145173899605476
ITA,2020-06-10,202,62699,0.0032217419735561972
ITA,2020-06-11,379,62472,0.006066717889614547
ITA,2020-06-12,163,70620,0.0023081280090625884
ITA,2020-06-13,346,49750,0.0069547738693467335
ITA,2020-06-14,338,56527,0.005979443451801794
ITA,2020-06-15,301,28107,0.010709076030881986
ITA,2020-06-16,210,46882,0.004479331086557741
ITA,2020-06-17,328,77701,0.00422130989305157
ITA,2020-06-18,331,58154,0.005691783884169618
ITA,2020-06-19,-148,57541,1.7378912427660277e-05
ITA,2020-06-20,264,54722,0.004824385073644969
ITA,2020-06-21,224,40545,0.005524725613515847
ITA,2020-06-22,221,28972,0.007628054673477841
ITA,2020-06-23,113,40485,0.002791157218722984
ITA,2020-06-24,577,53266,0.010832425937746405
ITA,2020-06-25,296,56061,0.0052799628975580175
ITA,2020-06-26,255,52768,0.004832474226804124
ITA,2020-06-27,175,61351,0.002852439243044123
ITA,2020-06-28,174,37346,0.004659133508273979
ITA,2020-06-29,126,27218,0.004629289440811228
ITA,2020-06-30,142,48273,0.0029416029664615833
ITA,2020-07-01,182,55366,0.0032872159809269226
ITA,2020-07-02,201,53243,0.003775144150404748
ITA,2020-07-03,223,50096,0.004451453209837113
ITA,2020-07-04,235,52011,0.00451827498029263
ITA,2020-07-05,192,37462,0.005125193529443169
ITA,2020-07-06,208,22166,0.009383740864386899
ITA,2020-07-07,137,43219,0.0031699021263796017
ITA,2020-07-08,193,50443,0.003826100747378229
ITA,2020-07-09,214,52552,0.004072157101537525
ITA,2020-07-10,276,47953,0.00575563572664901
ITA,2020-07-11,188,45931,0.004093096165988112
ITA,2020-07-12,234,38259,0.0061162079510703364
ITA,2020-07-13,169,23933,0.007061379684953829
ITA,2020-07-14,114,41867,0.002722908257099864
ITA,2020-07-15,162,48449,0.003343722264649425
ITA,2020-07-16,230,50432,0.004560596446700507
ITA,2020-07-17,231,50767,0.004550199933027361
ITA,2020-07-18,249,48265,0.005159017921889568
ITA,2020-07-19,218,35525,0.0061365235749472205
ITA,2020-07-20,190,24253,0.007834082381561044
ITA,2020-07-21,128,43110,0.0029691486893992113
ITA,2020-07-22,280,49318,0.00567744028549414
ITA,2020-07-23,306,60311,0.005073701314851354
ITA,2020-07-24,252,53334,0.004724940938238272
ITA,2020-07-25,274,51671,0.0053027810570726325
ITA,2020-07-26,254,40526,0.006267581305828357
ITA,2020-07-27,168,25551,0.006575085123869907
ITA,2020-07-28,202,48170,0.004193481419970936
ITA,2020-07-29,288,56018,0.005141204612803028
ITA,2020-07-30,382,61858,0.006175434058650457
ITA,2020-07-31,379,60944,0.006218823838277763
ITA,2020-08-01,295,60383,0.00488548101286786
ITA,2020-08-02,238,43269,0.005500473780304606
ITA,2020-08-03,159,24036,0.0066150773839241134
ITA,2020-08-04,190,43788,0.004339088334703572
ITA,2020-08-05,384,56451,0.006802359568475315
ITA,2020-08-06,401,58673,0.0068344894585243635
ITA,2020-08-07,552,59196,0.009324954388810055
ITA,2020-08-08,347,53298,0.0065105632481519005
ITA,2020-08-09,463,37637,0.012301724366979303
ITA,2020-08-10,259,26432,0.009798728813559322
ITA,2020-08-11,412,40642,0.010137296392894051
ITA,2020-08-12,476,52658,0.00903946218998063
ITA,2020-08-13,522,51188,0.010197702586543721
ITA,2020-08-14,574,46723,0.012285170044731716
ITA,2020-08-15,629,53123,0.011840445757957946
ITA,2020-08-16,477,36807,0.012959491401092184
ITA,2020-08-17,320,30666,0.01043500945672732
ITA,2020-08-18,401,53976,0.007429227804950349
ITA,2020-08-19,642,71095,0.0090301708980941
ITA,2020-08-20,840,77442,0.010846827303013869
ITA,2020-08-21,947,71996,0.013153508528251569
ITA,2020-08-22,1071,77674,0.013788397662023328
ITA,2020-08-23,1209,67371,0.017945406777396804
ITA,2020-08-24,953,45914,0.02075619636712114
ITA,2020-08-25,876,72341,0.012109315602493745
ITA,2020-08-26,1366,93529,0.01460509574570454
ITA,2020-08-27,1409,94024,0.01498553560792989
ITA,2020-08-28,1460,97065,0.015041467058156906
ITA,2020-08-29,1444,99108,0.014569964079589942
ITA,2020-08-30,1365,76723,0.01779127510655214
ITA,2020-08-31,996,58518,0.0170204039782631
ITA,2020-09-01,975,81050,0.012029611351017891
ITA,2020-09-02,1326,102959,0.01287891296535514
ITA,2020-09-03,1397,92790,0.015055501670438625
ITA,2020-09-04,1732,113085,0.01531591280894902
ITA,2020-09-05,1693,107658,0.01572572405209088
ITA,2020-09-06,1297,76856,0.016875715624024148
ITA,2020-09-07,1150,52553,0.021882670827545525
ITA,2020-09-08,1369,92403,0.014815536292111728
ITA,2020-09-09,1430,95990,0.014897385144285864
ITA,2020-09-10,1597,94186,0.016955810842375723
ITA,2020-09-11,1616,98880,0.01634304207119741
ITA,2020-09-12,1501,92706,0.01619096930080038
ITA,2020-09-13,1456,72143,0.020182138253191578
ITA,2020-09-14,1008,45309,0.022247235648546648
ITA,2020-09-15,1229,80517,0.015263857322056212
ITA,2020-09-16,1452,100607,0.014432395360163806
ITA,2020-09-17,1583,101773,0.015554223615300719
ITA,2020-09-18,1907,99839,0.019100752211059807
ITA,2020-09-19,1637,103223,0.015858868662991774
ITA,2020-09-20,1587,83428,0.019022390564318932
ITA,2020-09-21,1350,55862,0.024166696502094447
ITA,2020-09-22,1391,87303,0.015933014902122494
ITA,2020-09-23,1640,103696,0.01581546057707144
ITA,2020-09-24,1786,108019,0.016534128255214362
ITA,2020-09-25,1912,107269,0.017824348134130086
ITA,2020-09-26,1869,104387,0.017904528341651738
ITA,2020-09-27,1766,87714,0.020133616070410653
ITA,2020-09-28,1494,51109,0.029231642176524682
ITA,2020-09-29,1647,90185,0.0182624604978655
ITA,2020-09-30,1850,105564,0.017524913796369973
ITA,2020-10-01,2548,118236,0.02155012009878548
ITA,2020-10-02,2499,120301,0.02077289465590477
ITA,2020-10-03,2843,118932,0.023904415968788888
ITA,2020-10-04,2578,92714,0.02780594085035701
ITA,2020-10-05,2257,60241,0.037466177520293485
ITA,2020-10-06,2677,99742,0.0268392452527521
ITA,2020-10-07,3677,125314,0.029342292162088834
ITA,2020-10-08,4458,128098,0.034801480116785584
ITA,2020-10-09,5372,129471,0.04149191710885063
ITA,2020-10-10,5724,133084,0.04301042950317093
ITA,2020-10-11,5456,104658,0.052131705173039805
ITA,2020-10-12,4619,85442,0.054060064137075446
ITA,2020-10-13,5898,112544,0.05240617003127666
ITA,2020-10-14,7332,152196,0.048174722068911144
ITA,2020-10-15,8803,162932,0.054028674539071515
ITA,2020-10-16,10009,150377,0.06655938075636567
ITA,2020-10-17,10925,165837,0.06587794038724772
ITA,2020-10-18,11705,146541,0.07987525675408247
ITA,2020-10-19,9337,98862,0.09444478161477615
ITA,2020-10-20,10871,144737,0.07510864533602327
ITA,2020-10-21,15199,177848,0.08546061805586794
ITA,2020-10-22,16078,170392,0.09435889008873656
ITA,2020-10-23,19143,182032,0.10516282851366793
ITA,2020-10-24,19640,177669,0.11054263827679561
ITA,2020-10-25,21273,161880,0.131412157153447
ITA,2020-10-26,17007,124686,0.13639863336701796
ITA,2020-10-27,21989,174398,0.12608516152708174
ITA,2020-10-28,24988,198952,0.12559813422333024
ITA,2020-10-29,26829,201452,0.13317812679943608
ITA,2020-10-30,31079,215085,0.14449636190343354
ITA,2020-10-31,31756,215886,0.14709615259905692
ITA,2020-11-01,29905,183457,0.16300822536071122
ITA,2020-11-02,22253,135731,0.16394928203579137
ITA,2020-11-03,28241,182287,0.15492602324905233
ITA,2020-11-04,30548,211831,0.14420929892225406
ITA,2020-11-05,34502,219884,0.15691000709464992
ITA,2020-11-06,37802,234245,0.16137804435526906
ITA,2020-11-07,39809,231673,0.17183271248699675
ITA,2020-11-08,32614,191144,0.17062528774117944
ITA,2020-11-09,25269,147725,0.17105432391267558
ITA,2020-11-10,35090,217758,0.16114218536173183
ITA,2020-11-11,32961,225640,0.146077823081014
ITA,2020-11-12,37977,234672,0.16183012886070772
ITA,2020-11-13,40902,254908,0.16045789068997443
ITA,2020-11-14,37249,227695,0.1635916467203935
ITA,2020-11-15,33977,195275,0.17399564716425553
ITA,2020-11-16,27352,152663,0.1791658751629406
ITA,2020-11-17,32191,208458,0.15442439244356176
ITA,2020-11-18,34280,234834,0.14597545500225692
ITA,2020-11-19,36176,250186,0.1445964202633241
ITA,2020-11-20,37239,238077,0.15641578144885898
ITA,2020-11-21,34764,237225,0.14654441985456845
ITA,2020-11-22,28337,188747,0.15013218753145746
ITA,2020-11-23,22927,148945,0.15392930276276479
ITA,2020-11-24,23227,188659,0.12311631038010379
ITA,2020-11-25,25852,230007,0.11239657923454503
ITA,2020-11-26,29001,232711,0.12462238570587553
ITA,2020-11-27,28342,222803,0.1272065456928318
ITA,2020-11-28,26315,225940,0.11646897406391077
ITA,2020-11-29,20646,176934,0.11668757841907151
ITA,2020-11-30,16376,130524,0.12546351628819222
ITA,2020-12-01,19347,182100,0.10624382207578253
ITA,2020-12-02,20709,207143,0.09997441381074909
ITA,2020-12-03,23219,220047,0.10551836653078661
ITA,2020-12-04,24110,212741,0.11333029364344438
ITA,2020-12-05,21052,194984,0.10796783325811349
ITA,2020-12-06,18887,163550,0.11548150412717824
ITA,2020-12-07,13679,111217,0.12299378692106423
ITA,2020-12-08,14837,149232,0.09942237589793074
ITA,2020-12-09,12755,118475,0.10765984384891328
ITA,2020-12-10,16998,171586,0.09906402620260395
ITA,2020-12-11,18726,190416,0.0983425762540963
ITA,2020-12-12,19902,196439,0.10131389388054307
ITA,2020-12-13,17937,152697,0.11746792667832374
ITA,2020-12-14,12025,103584,0.11608935742971888
ITA,2020-12-15,14839,164431,0.09024454026308908
ITA,2020-12-16,17568,199489,0.08806500609056138
ITA,2020-12-17,18233,-47510,0.999999
ITA,2020-12-18,15401,179800,0.08565628476084539
ITA,2020-12-19,16305,176185,0.09254476828333853
ITA,2020-12-20,15102,137420,0.10989666715179741
ITA,2020-12-21,10869,87889,0.12366735313861803
ITA,2020-12-22,13316,157705,0.0844361307504518
ITA,2020-12-23,13908,183864,0.07564286646651873
ITA,2020-12-24,18039,193777,0.09309154337202041
ITA,2020-12-25,19037,152334,0.12496881851720561
ITA,2020-12-26,10429,81564,0.12786278260016673
ITA,2020-12-27,8913,59879,0.14885018119875082
ITA,2020-12-28,8581,68681,0.12493993972132031
ITA,2020-12-29,11210,128740,0.08707472425042721
ITA,2020-12-30,16202,169045,0.09584430181312668
ITA,2020-12-31,23477,186004,0.12621771574804844
ITA,2021-01-01,22210,157524,0.14099438815672533
ITA,2021-01-02,11825,67174,0.17603537082799892
ITA,2021-01-03,14245,102974,0.13833589061316448
ITA,2021-01-04,10798,77993,0.1384483222853333
ITA,2021-01-05,15375,135106,0.11379953517978476
ITA,2021-01-06,20326,178596,0.11380993975229009
ITA,2021-01-07,18416,121275,0.15185322613894042
ITA,2021-01-08,17529,140267,0.12496880948476834
ITA,2021-01-09,19976,172119,0.11605923808527821
ITA,2021-01-10,18625,139758,0.13326607421399847
ITA,2021-01-11,12530,91656,0.13670681679322685
ITA,2021-01-12,14242,141641,0.10054998199673823
ITA,2021-01-13,15773,175429,0.08991101813269185
ITA,2021-01-14,17243,160585,0.10737615592988137
ITA,2021-01-15,16144,273506,0.0590261273975708
ITA,2021-01-16,16310,261404,0.06239384248136983
ITA,2021-01-17,12544,211078,0.05942826822312131
ITA,2021-01-18,8825,158674,0.05561717735734903
ITA,2021-01-19,10496,254070,0.0413114496005038
ITA,2021-01-20,13568,279762,0.0484983664686412
ITA,2021-01-21,14055,267567,0.0525288993037258
ITA,2021-01-22,13633,264728,0.051498141488622286
ITA,2021-01-23,13331,286331,0.0465580045471849
ITA,2021-01-24,11628,216211,0.053780797461738764
ITA,2021-01-25,8559,126931,0.06743033616689383
ITA,2021-01-26,10584,256287,0.041297451685024994
ITA,2021-01-27,15191,293770,0.05171052183681111
ITA,2021-01-28,14360,275579,0.052108469803577195
ITA,2021-01-29,13563,268750,0.05046697674418605
ITA,2021-01-30,12713,298010,0.042659642293882756
ITA,2021-01-31,11249,213364,0.052722108696874825
ITA,2021-02-01,7925,142419,0.05564566525533812
ITA,2021-02-02,9651,244429,0.039483858298319754
ITA,2021-02-03,13182,279307,0.04719537999405672
ITA,2021-02-04,13656,270142,0.05055119159553124
ITA,2021-02-05,14213,270507,0.0525420783935351
ITA,2021-02-06,13439,282407,0.04758734733912403
ITA,2021-02-07,11640,206789,0.05628926103419427
ITA,2021-02-08,7969,144270,0.055236708948499344
ITA,2021-02-09,10612,274263,0.03869278757980479
ITA,2021-02-10,12947,310994,0.0416310282513489
ITA,2021-02-11,15137,292533,0.051744589499304355
ITA,2021-02-12,13893,287619,0.048303484818457754
ITA,2021-02-13,13523,290534,0.04654532688084699
ITA,2021-02-14,11060,205642,0.053782787562851944
ITA,2021-02-15,7344,179278,0.040964312408661406
ITA,2021-02-16,10368,274019,0.03783679233921736
ITA,2021-02-17,12066,294411,0.040983523034125766
ITA,2021-02-18,13755,288458,0.047684584930908484
ITA,2021-02-19,15470,297128,0.05206510325516276
ITA,2021-02-20,14914,306078,0.04872614170244186
ITA,2021-02-21,13450,250986,0.05358864637868248
ITA,2021-02-22,9617,170672,0.056347848504734226
ITA,2021-02-23,13299,303850,0.043768306730294554
ITA,2021-02-24,16402,340247,0.048206156115998086
ITA,2021-02-25,19871,353704,0.05617974351435098
ITA,2021-02-26,20488,325404,0.06296173372177355
ITA,2021-02-27,18902,323047,0.05851160976576164
ITA,2021-02-28,17440,257024,0.06785358565737051
ITA,2021-03-01,13106,170633,0.07680812035186628
ITA,2021-03-02,17063,335983,0.05078530758996735
ITA,2021-03-03,20840,358884,0.05806890248659734
ITA,2021-03-04,22845,339635,0.06726338569346504
ITA,2021-03-05,24010,378463,0.06344081191556374
ITA,2021-03-06,23633,355024,0.0665673306593357
ITA,2021-03-07,20724,271336,0.07637762773830233
ITA,2021-03-08,13882,184684,0.07516622988455957
ITA,2021-03-09,19725,345972,0.05701328431202525
ITA,2021-03-10,22275,361040,0.061696764901395966
ITA,2021-03-11,25649,372217,0.06890872797319843
ITA,2021-03-12,26790,369636,0.07247670681427133
ITA,2021-03-13,26031,372944,0.06979868291217985
ITA,2021-03-14,21304,273966,0.07776147405152464
POL,2020-01-22,0,0,0.999999
POL,2020-01-23,0,0,0.999999
POL,2020-01-24,0,0,0.999999
POL,2020-01-25,0,0,0.999999
POL,2020-01-26,0,0,0.999999
POL,2020-01-27,0,0,0.999999
POL,2020-01-28,0,0,0.999999
POL,2020-01-29,0,0,0.999999
POL,2020-01-30,0,0,0.999999
POL,2020-01-31,0,0,0.999999
POL,2020-02-01,0,0,0.999999
POL,2020-02-02,0,0,0.999999
POL,2020-02-03,0,0,0.999999
POL,2020-02-04,0,0,0.999999
POL,2020-02-05,0,0,0.999999
POL,2020-02-06,0,0,0.999999
POL,2020-02-07,0,0,0.999999
POL,2020-02-08,0,0,0.999999
POL,2020-02-09,0,0,0.999999
POL,2020-02-10,0,0,0.999999
POL,2020-02-11,0,0,0.999999
POL,2020-02-12,0,0,0.999999
POL,2020-02-13,0,0,0.999999
POL,2020-02-14,0,0,0.999999
POL,2020-02-15,0,0,0.999999
POL,2020-02-16,0,0,0.999999
POL,2020-02-17,0,0,0.999999
POL,2020-02-18,0,0,0.999999
POL,2020-02-19,0,0,0.999999
POL,2020-02-20,0,0,0.999999
POL,2020-02-21,0,0,0.999999
POL,2020-02-22,0,0,0.999999
POL,2020-02-23,0,0,0.999999
POL,2020-02-24,0,0,0.999999
POL,2020-02-25,0,0,0.999999
POL,2020-02-26,0,0,0.999999
POL,2020-02-27,0,0,0.999999
POL,2020-02-28,0,0,0.999999
POL,2020-02-29,0,0,0.999999
POL,2020-03-01,0,0,0.999999
POL,2020-03-02,0,0,0.999999
POL,2020-03-03,0,0,0.999999
POL,2020-03-04,1,0,0.999999
POL,2020-03-05,0,0,0.999999
POL,2020-03-06,4,0,0.999999
POL,2020-03-07,0,0,0.999999
POL,2020-03-08,6,0,0.999999
POL,2020-03-09,5,0,0.999999
POL,2020-03-10,6,0,0.999999
POL,2020-03-11,9,0,0.999999
POL,2020-03-12,18,0,0.999999
POL,2020-03-13,19,0,0.999999
POL,2020-03-14,35,0,0.999999
POL,2020-03-15,16,0,0.999999
POL,2020-03-16,58,0,0.999999
POL,2020-03-17,61,0,0.999999
POL,2020-03-18,13,0,0.999999
POL,2020-03-19,104,0,0.999999
POL,2020-03-20,70,0,0.999999
POL,2020-03-21,111,0,0.999999
POL,2020-03-22,98,0,0.999999
POL,2020-03-23,115,0,0.999999
POL,2020-03-24,152,0,0.999999
POL,2020-03-25,150,0,0.999999
POL,2020-03-26,170,0,0.999999
POL,2020-03-27,168,0,0.999999
POL,2020-03-28,249,0,0.999999
POL,2020-03-29,224,0,0.999999
POL,2020-03-30,193,0,0.999999
POL,2020-03-31,256,0,0.999999
POL,2020-04-01,243,0,0.999999
POL,2020-04-02,392,0,0.999999
POL,2020-04-03,437,0,0.999999
POL,2020-04-04,244,0,0.999999
POL,2020-04-05,475,0,0.999999
POL,2020-04-06,311,0,0.999999
POL,2020-04-07,435,0,0.999999
POL,2020-04-08,357,0,0.999999
POL,2020-04-09,370,0,0.999999
POL,2020-04-10,380,0,0.999999
POL,2020-04-11,401,0,0.999999
POL,2020-04-12,318,0,0.999999
POL,2020-04-13,260,0,0.999999
POL,2020-04-14,268,0,0.999999
POL,2020-04-15,380,0,0.999999
POL,2020-04-16,336,0,0.999999
POL,2020-04-17,461,0,0.999999
POL,2020-04-18,363,0,0.999999
POL,2020-04-19,545,0,0.999999
POL,2020-04-20,306,0,0.999999
POL,2020-04-21,263,0,0.999999
POL,2020-04-22,313,0,0.999999
POL,2020-04-23,342,0,0.999999
POL,2020-04-24,381,0,0.999999
POL,2020-04-25,381,0,0.999999
POL,2020-04-26,344,0,0.999999
POL,2020-04-27,285,0,0.999999
POL,2020-04-28,316,281787,0.00112141440165799
POL,2020-04-29,422,12802,0.03296359943758788
POL,2020-04-30,237,12509,0.01894635862179231
POL,2020-05-01,228,15651,0.014567759248610312
POL,2020-05-02,270,10613,0.025440497503062282
POL,2020-05-03,318,9382,0.03389469196333404
POL,2020-05-04,313,7304,0.04285323110624315
POL,2020-05-05,425,9642,0.04407799211781788
POL,2020-05-06,309,15004,0.020594508131165024
POL,2020-05-07,307,14382,0.0213461271033236
POL,2020-05-08,319,16206,0.01968406762927311
POL,2020-05-09,285,15886,0.0179403248143019
POL,2020-05-10,345,15473,0.022296904284883345
POL,2020-05-11,330,13613,0.02424153382795857
POL,2020-05-12,595,15722,0.03784505788067676
POL,2020-05-13,283,19193,0.014744959099671755
POL,2020-05-14,411,21564,0.01905954368391764
POL,2020-05-15,401,20162,0.01988889991072314
POL,2020-05-16,241,22897,0.010525396340131894
POL,2020-05-17,272,17263,0.01575624167294213
POL,2020-05-18,356,14416,0.024694783573806882
POL,2020-05-19,383,16254,0.023563430540174728
POL,2020-05-20,471,20242,0.023268451734018376
POL,2020-05-21,404,21556,0.01874188161068844
POL,2020-05-22,476,21277,0.02237157494007614
POL,2020-05-23,312,26280,0.011872146118721462
POL,2020-05-24,395,14889,0.026529652763785345
POL,2020-05-25,305,10706,0.028488697926396415
POL,2020-05-26,443,21026,0.021069152477884524
POL,2020-05-27,399,19974,0.019975968759387203
POL,2020-05-28,352,19950,0.017644110275689222
POL,2020-05-29,330,24851,0.013279143696430728
POL,2020-05-30,416,23335,0.017827298050139277
POL,2020-05-31,215,14487,0.014840891834058121
POL,2020-06-01,379,14119,0.026843260854168143
POL,2020-06-02,230,12466,0.01845018450184502
POL,2020-06-03,292,19024,0.015349032800672834
POL,2020-06-04,361,21579,0.01672922748968905
POL,2020-06-05,362,21410,0.016907986921999067
POL,2020-06-06,576,20752,0.027756360832690823
POL,2020-06-07,575,15664,0.03670837589376915
POL,2020-06-08,599,12241,0.04893391062821665
POL,2020-06-09,400,14798,0.027030679821597514
POL,2020-06-10,282,19368,0.014560099132589838
POL,2020-06-11,359,16542,0.021702333454237697
POL,2020-06-12,376,19378,0.019403447208174218
POL,2020-06-13,440,15563,0.028272184026216025
POL,2020-06-14,375,17049,0.021995424951610065
POL,2020-06-15,396,10676,0.03709254402397902
POL,2020-06-16,407,16403,0.024812534292507467
POL,2020-06-17,506,22982,0.022017230876338004
POL,2020-06-18,314,20906,0.015019611594757487
POL,2020-06-19,301,23543,0.012785116595166292
POL,2020-06-20,304,19640,0.015478615071283095
POL,2020-06-21,311,18231,0.017058855795074324
POL,2020-06-22,296,11041,0.02680916583642786
POL,2020-06-23,300,18077,0.016595674060961442
POL,2020-06-24,294,19251,0.015271933925510362
POL,2020-06-25,298,21453,0.013890831119190789
POL,2020-06-26,276,18336,0.015052356020942409
POL,2020-06-27,319,19143,0.016664054745860104
POL,2020-06-28,193,14818,0.013024699689566743
POL,2020-06-29,247,7752,0.031862745098039214
POL,2020-06-30,239,17807,0.013421688100185321
POL,2020-07-01,382,21064,0.01813520698822636
POL,2020-07-02,371,18803,0.019730894006275593
POL,2020-07-03,259,23257,0.01113643204196586
POL,2020-07-04,314,18415,0.017051316861254412
POL,2020-07-05,231,14938,0.015463917525773196
POL,2020-07-06,205,12125,0.016907216494845362
POL,2020-07-07,257,16307,0.015760103023241552
POL,2020-07-08,277,29354,0.00943653335150235
POL,2020-07-09,262,18781,0.013950268888770566
POL,2020-07-10,265,19352,0.013693675072343944
POL,2020-07-11,305,32734,0.009317529174558564
POL,2020-07-12,370,13195,0.02804092459264873
POL,2020-07-13,299,10709,0.02792044075077038
POL,2020-07-14,267,16628,0.016057252826557615
POL,2020-07-15,264,19918,0.013254342805502561
POL,2020-07-16,333,20016,0.016636690647482015
POL,2020-07-17,353,20567,0.017163417124519863
POL,2020-07-18,339,18927,0.017910920906641307
POL,2020-07-19,358,13956,0.025652049297793064
POL,2020-07-20,279,10091,0.027648399563967894
POL,2020-07-21,399,16162,0.024687538670956563
POL,2020-07-22,380,19656,0.01933251933251933
POL,2020-07-23,418,20985,0.01991898975458661
POL,2020-07-24,458,18098,0.02530666371974804
POL,2020-07-25,584,20010,0.029185407296351825
POL,2020-07-26,443,0,0.999999
POL,2020-07-27,337,27305,0.012342061893426112
POL,2020-07-28,502,16440,0.030535279805352797
POL,2020-07-29,512,22969,0.022290913840393573
POL,2020-07-30,615,22108,0.02781798444002171
POL,2020-07-31,657,22394,0.029338215593462533
POL,2020-08-01,658,21262,0.030947229799642553
POL,2020-08-02,548,16734,0.03274769929484881
POL,2020-08-03,575,11071,0.05193749435462018
POL,2020-08-04,680,18888,0.03600169419737399
POL,2020-08-05,640,28422,0.02251776792625431
POL,2020-08-06,726,21278,0.03411974809662562
POL,2020-08-07,809,25244,0.03204721914118206
POL,2020-08-08,843,28307,0.029780619634719327
POL,2020-08-09,624,20842,0.029939545149217924
POL,2020-08-10,619,14399,0.042989096465032295
POL,2020-08-11,551,20511,0.026863634147530593
POL,2020-08-12,715,23495,0.030432006809959566
POL,2020-08-13,811,25177,0.03221193946856258
POL,2020-08-14,832,25792,0.03225806451612903
POL,2020-08-15,771,23730,0.03249051833122629
POL,2020-08-16,594,16004,0.037115721069732564
POL,2020-08-17,595,12778,0.046564407575520425
POL,2020-08-18,597,19884,0.030024140012070006
POL,2020-08-19,735,27734,0.026501766784452298
POL,2020-08-20,767,24646,0.03112066866834375
POL,2020-08-21,903,28666,0.03150073257517617
POL,2020-08-22,900,24793,0.03630056870890977
POL,2020-08-23,581,18983,0.03060633198124638
POL,2020-08-24,548,15332,0.03574223845551787
POL,2020-08-25,763,21982,0.034710217450641435
POL,2020-08-26,729,28311,0.025749708593832785
POL,2020-08-27,887,27110,0.03271855403909996
POL,2020-08-28,791,24782,0.031918327818578
POL,2020-08-29,759,21075,0.03601423487544484
POL,2020-08-30,631,18753,0.03364794966138751
POL,2020-08-31,502,12010,0.0417985012489592
POL,2020-09-01,550,28703,0.019161760094763614
POL,2020-09-02,595,24354,0.024431304919109796
POL,2020-09-03,612,23972,0.025529784748873685
POL,2020-09-04,691,21745,0.03177742009657392
POL,2020-09-05,567,24819,0.02284540070107579
POL,2020-09-06,437,18226,0.023976736530231538
POL,2020-09-07,302,10025,0.030124688279301745
POL,2020-09-08,400,18195,0.021984061555372355
POL,2020-09-09,421,22779,0.01848193511567672
POL,2020-09-10,506,18014,0.028089263905851005
POL,2020-09-11,594,18715,0.03173924659364146
POL,2020-09-12,603,20291,0.029717608792075304
POL,2020-09-13,502,14159,0.03545448124867576
POL,2020-09-14,377,12109,0.03113386737137666
POL,2020-09-15,605,17925,0.03375174337517434
POL,2020-09-16,600,21367,0.028080685168718117
POL,2020-09-17,837,21873,0.038266355781099985
POL,2020-09-18,757,20190,0.037493808816245665
POL,2020-09-19,1002,19497,0.051392521926450226
POL,2020-09-20,910,18604,0.04891421199741991
POL,2020-09-21,748,11842,0.06316500591116365
POL,2020-09-22,711,20145,0.03529411764705882
POL,2020-09-23,974,21230,0.04587847385774847
POL,2020-09-24,1136,23370,0.048609328198545146
POL,2020-09-25,1587,23655,0.06708941027266963
POL,2020-09-26,1584,22394,0.0707332321157453
POL,2020-09-27,1350,18530,0.07285483000539665
POL,2020-09-28,1306,12904,0.10120892746435214
POL,2020-09-29,1326,22361,0.0592996735387505
POL,2020-09-30,1552,26074,0.05952289637186469
POL,2020-10-01,1967,28959,0.0679236161469664
POL,2020-10-02,2292,26500,0.08649056603773585
POL,2020-10-03,2367,29446,0.08038443252054608
POL,2020-10-04,1934,25254,0.07658192761542726
POL,2020-10-05,2006,17718,0.11321819618467095
POL,2020-10-06,2236,23296,0.09598214285714286
POL,2020-10-07,3003,32418,0.0926337220062928
POL,2020-10-08,4280,42748,0.10012164311780668
POL,2020-10-09,4739,31036,0.15269364608841346
POL,2020-10-10,5300,35959,0.14739008315025445
POL,2020-10-11,4178,30287,0.13794697394921915
POL,2020-10-12,4394,24229,0.18135292418176566
POL,2020-10-13,5068,32381,0.15651153454186098
POL,2020-10-14,6526,42705,0.1528158295281583
POL,2020-10-15,8099,62215,0.13017760990114924
POL,2020-10-16,7705,49400,0.15597165991902834
POL,2020-10-17,9622,47604,0.20212587177548105
POL,2020-10-18,8536,34873,0.24477389384337453
POL,2020-10-19,7482,35484,0.2108555968887386
POL,2020-10-20,9291,39799,0.23344807658483882
POL,2020-10-21,10040,58085,0.1728501334251528
POL,2020-10-22,12107,48713,0.24853735142569744
POL,2020-10-23,13632,59810,0.2279217522153486
POL,2020-10-24,13628,53920,0.2527448071216617
POL,2020-10-25,11742,52630,0.22310469314079423
POL,2020-10-26,10241,49243,0.20796864528968584
POL,2020-10-27,16300,64096,0.2543060409385921
POL,2020-10-28,18820,59145,0.31820103136359795
POL,2020-10-29,20156,68955,0.29230657675295485
POL,2020-10-30,21629,75559,0.28625312669569475
POL,2020-10-31,21897,56691,0.38625178599777743
POL,2020-11-01,17171,48341,0.35520572598829153
POL,2020-11-02,15578,64101,0.243022729754606
POL,2020-11-03,19364,62988,0.30742363624817426
POL,2020-11-04,24692,67690,0.36478061752105184
POL,2020-11-05,27143,65416,0.41492906934083407
POL,2020-11-06,27086,74215,0.36496665094657416
POL,2020-11-07,27875,65515,0.4254750820422804
POL,2020-11-08,24785,59764,0.4147145438725654
POL,2020-11-09,21713,42114,0.5155767678206772
POL,2020-11-10,25454,53513,0.4756601199708482
POL,2020-11-11,25221,52019,0.4848420769334282
POL,2020-11-12,22683,56348,0.40255199829630156
POL,2020-11-13,24051,55967,0.4297353797773688
POL,2020-11-14,25571,54972,0.4651640835334352
POL,2020-11-15,21854,45308,0.4823430740708043
POL,2020-11-16,20816,34096,0.6105114969497888
POL,2020-11-17,19152,40956,0.4676237913858775
POL,2020-11-18,19883,55729,0.35678013242656426
POL,2020-11-19,23975,56841,0.4217906088914692
POL,2020-11-20,22464,53690,0.41840193704600487
POL,2020-11-21,24213,42414,0.5708728250106097
POL,2020-11-22,17856,41945,0.4257003218500417
POL,2020-11-23,15002,26866,0.5584009528772426
POL,2020-11-24,32733,32843,0.996650732271717
POL,2020-11-25,15356,47276,0.3248159742787038
POL,2020-11-26,16690,44193,0.37766162061865
POL,2020-11-27,17304,45464,0.38060883336266055
POL,2020-11-28,15177,40970,0.3704417866731755
POL,2020-11-29,11482,24164,0.4751696738950505
POL,2020-11-30,5736,24663,0.23257511251672547
POL,2020-12-01,9113,37638,0.24212232318401616
POL,2020-12-02,13823,41100,0.33632603406326034
POL,2020-12-03,14863,37250,0.399006711409396
POL,2020-12-04,13236,39559,0.33458884198286104
POL,2020-12-05,12427,34846,0.3566262985708546
POL,2020-12-06,9176,23176,0.3959268208491543
POL,2020-12-07,4421,18991,0.23279448159654573
POL,2020-12-08,8310,29217,0.2844234520998049
POL,2020-12-09,12166,40357,0.301459474192829
POL,2020-12-10,13750,37517,0.3665005197643735
POL,2020-12-11,13105,33236,0.39430135997111565
POL,2020-12-12,11499,32682,0.3518450523223793
POL,2020-12-13,8976,21541,0.41669374680841187
POL,2020-12-14,4896,19456,0.25164473684210525
POL,2020-12-15,6874,29832,0.2304237060874229
POL,2020-12-16,12455,41053,0.3033883029254866
POL,2020-12-17,11953,36011,0.3319263558357169
POL,2020-12-18,11010,33020,0.3334342822531799
POL,2020-12-19,11246,29078,0.38675287158676663
POL,2020-12-20,8590,21767,0.39463407911058024
POL,2020-12-21,4633,18901,0.24511930585683298
POL,2020-12-22,7192,28852,0.24927214751143767
POL,2020-12-23,12358,33225,0.37194883370955606
POL,2020-12-24,13115,35840,0.36593191964285715
POL,2020-12-25,9081,20435,0.4443846342060191
POL,2020-12-26,4878,14066,0.3467936869045926
POL,2020-12-27,3842,12454,0.30849526256624377
POL,2020-12-28,3211,15996,0.2007376844211053
POL,2020-12-29,7624,33110,0.23026276049531863
POL,2020-12-30,12780,35069,0.3644244204282985
POL,2020-12-31,13464,39052,0.34477107446481614
POL,2021-01-01,10896,46724,0.23319921239619895
POL,2021-01-02,7006,27604,0.2538037965512245
POL,2021-01-03,5782,29618,0.1952191235059761
POL,2021-01-04,4385,25436,0.1723934580908948
POL,2021-01-05,7596,48466,0.1567284281764536
POL,2021-01-06,14220,51758,0.27474013679044784
POL,2021-01-07,12119,56757,0.21352432299099672
POL,2021-01-08,8763,50177,0.17464176814078164
POL,2021-01-09,10744,58371,0.1840640043857395
POL,2021-01-10,9133,43731,0.20884498410738378
POL,2021-01-11,4863,15235,0.3191992123400066
POL,2021-01-12,5394,49493,0.10898510900531388
POL,2021-01-13,9126,73373,0.12437817725866464
POL,2021-01-14,9457,78790,0.12002792232516817
POL,2021-01-15,7958,72634,0.10956301456618113
POL,2021-01-16,7292,68554,0.10636870204510313
POL,2021-01-17,5970,54755,0.10903113870879372
POL,2021-01-18,3332,24844,0.1341168893897923
POL,2021-01-19,4890,47570,0.10279587975614883
POL,2021-01-20,6943,47857,0.14507804500908958
POL,2021-01-21,7008,46671,0.1501574853763579
POL,2021-01-22,6693,44455,0.15055674277359127
POL,2021-01-23,6431,43971,0.14625548657069432
POL,2021-01-24,4566,30745,0.14851195316311597
POL,2021-01-25,2674,19736,0.13548844750709363
POL,2021-01-26,4603,42046,0.10947533653617467
POL,2021-01-27,6790,46671,0.14548649054016413
POL,2021-01-28,7153,46873,0.15260384443069572
POL,2021-01-29,6145,327863,0.01874258455513431
POL,2021-01-30,5864,-239172,0.999999
POL,2021-01-31,4711,32020,0.14712679575265458
POL,2021-02-01,2504,21372,0.11716264271008797
POL,2021-02-02,4326,41614,0.10395539962512616
POL,2021-02-03,6801,46604,0.14593167968414728
POL,2021-02-04,6495,43574,0.14905677697709643
POL,2021-02-05,6053,41198,0.14692460799067916
POL,2021-02-06,5966,43656,0.136659336631849
POL,2021-02-07,4725,31005,0.15239477503628446
POL,2021-02-08,2431,20821,0.11675712021516738
POL,2021-02-09,3999,42957,0.09309309309309309
POL,2021-02-10,6960,51599,0.13488633500649239
POL,2021-02-11,7013,51196,0.1369833580748496
POL,2021-02-12,6378,48248,0.13219200795887912
POL,2021-02-13,6585,48994,0.1344042127607462
POL,2021-02-14,5334,34130,0.15628479343685908
POL,2021-02-15,2542,22360,0.11368515205724508
POL,2021-02-16,5176,45741,0.11315887278371702
POL,2021-02-17,8699,54268,0.16029704429866587
POL,2021-02-18,9074,53559,0.16942063892156314
POL,2021-02-19,8772,49069,0.1787686726854022
POL,2021-02-20,8509,50035,0.1700609573298691
POL,2021-02-21,7040,37055,0.1899878558898934
POL,2021-02-22,3891,24708,0.15747935891209325
POL,2021-02-23,6304,41508,0.15187433747711285
POL,2021-02-24,12147,61168,0.19858422704682185
POL,2021-02-25,12143,56873,0.21351080477555254
POL,2021-02-26,11536,52768,0.2186173438447544
POL,2021-02-27,12097,56445,0.21431481973602623
POL,2021-02-28,10101,43518,0.23211085068247622
POL,2021-03-01,4786,26496,0.180631038647343
POL,2021-03-02,7936,49511,0.16028761285370927
POL,2021-03-03,15698,62059,0.25295283520520795
POL,2021-03-04,15253,62381,0.2445135538064475
POL,2021-03-05,15831,58606,0.27012592567313926
POL,2021-03-06,14855,61859,0.24014290564024637
POL,2021-03-07,13569,49690,0.27307305292815454
POL,2021-03-08,6169,31220,0.1975976937860346
POL,2021-03-09,9953,53393,0.18641020358473956
POL,2021-03-10,17277,67762,0.25496591009710456
POL,2021-03-11,21111,72729,0.2902693561027926
POL,2021-03-12,18873,65330,0.28888718812184294
POL,2021-03-13,21063,72704,0.2897089568661972
POL,2021-03-14,17272,59396,0.2907939928614722
SWE,2020-01-22,0,0,0.999999
SWE,2020-01-23,0,0,0.999999
SWE,2020-01-24,0,0,0.999999
SWE,2020-01-25,0,0,0.999999
SWE,2020-01-26,0,0,0.999999
SWE,2020-01-27,0,0,0.999999
SWE,2020-01-28,0,0,0.999999
SWE,2020-01-29,0,0,0.999999
SWE,2020-01-30,0,0,0.999999
SWE,2020-01-31,0,0,0.999999
SWE,2020-02-01,0,0,0.999999
SWE,2020-02-02,0,0,0.999999
SWE,2020-02-03,0,0,0.999999
SWE,2020-02-04,1,0,0.999999
SWE,2020-02-05,0,0,0.999999
SWE,2020-02-06,0,0,0.999999
SWE,2020-02-07,0,0,0.999999
SWE,2020-02-08,0,0,0.999999
SWE,2020-02-09,0,0,0.999999
SWE,2020-02-10,0,0,0.999999
SWE,2020-02-11,0,0,0.999999
SWE,2020-02-12,0,0,0.999999
SWE,2020-02-13,0,0,0.999999
SWE,2020-02-14,0,0,0.999999
SWE,2020-02-15,0,0,0.999999
SWE,2020-02-16,0,0,0.999999
SWE,2020-02-17,0,0,0.999999
SWE,2020-02-18,0,0,0.999999
SWE,2020-02-19,0,0,0.999999
SWE,2020-02-20,0,0,0.999999
SWE,2020-02-21,0,0,0.999999
SWE,2020-02-22,0,0,0.999999
SWE,2020-02-23,0,0,0.999999
SWE,2020-02-24,0,107,0.009345794392523364
SWE,2020-02-25,0,107,0.009345794392523364
SWE,2020-02-26,1,107,0.009345794392523364
SWE,2020-02-27,1,107,0.009345794392523364
SWE,2020-02-28,8,107,0.07476635514018691
SWE,2020-02-29,3,107,0.028037383177570093
SWE,2020-03-01,0,107,0.009345794392523364
SWE,2020-03-02,5,614,0.008143322475570033
SWE,2020-03-03,13,614,0.021172638436482084
SWE,2020-03-04,30,614,0.048859934853420196
SWE,2020-03-05,25,614,0.04071661237785016
SWE,2020-03-06,59,614,0.09609120521172639
SWE,2020-03-07,33,614,0.05374592833876222
SWE,2020-03-08,46,614,0.0749185667752443
SWE,2020-03-09,101,1284,0.07866043613707165
SWE,2020-03-10,98,1284,0.0763239875389408
SWE,2020-03-11,196,1284,0.1526479750778816
SWE,2020-03-12,151,1284,0.117601246105919
SWE,2020-03-13,152,1284,0.11838006230529595
SWE,2020-03-14,71,1284,0.05529595015576324
SWE,2020-03-15,69,1284,0.053738317757009345
SWE,2020-03-16,83,1486,0.05585464333781965
SWE,2020-03-17,119,1486,0.0800807537012113
SWE,2020-03-18,145,1486,0.09757738896366083
SWE,2020-03-19,143,1486,0.09623149394347241
SWE,2020-03-20,180,1486,0.12113055181695828
SWE,2020-03-21,136,1486,0.09152086137281291
SWE,2020-03-22,118,1486,0.07940780619111709
SWE,2020-03-23,182,1764,0.10317460317460317
SWE,2020-03-24,230,1764,0.13038548752834467
SWE,2020-03-25,314,1764,0.17800453514739228
SWE,2020-03-26,286,1764,0.1621315192743764
SWE,2020-03-27,365,1764,0.20691609977324263
SWE,2020-03-28,300,1764,0.17006802721088435
SWE,2020-03-29,280,1764,0.15873015873015872
SWE,2020-03-30,416,2539,0.16384403308389128
SWE,2020-03-31,474,2539,0.18668767231193384
SWE,2020-04-01,486,2539,0.19141394249704607
SWE,2020-04-02,554,2539,0.21819614021268216
SWE,2020-04-03,602,2539,0.23710122095313116
SWE,2020-04-04,357,2539,0.14060653800708942
SWE,2020-04-05,340,2539,0.13391098857818037
SWE,2020-04-06,389,2840,0.1369718309859155
SWE,2020-04-07,739,2840,0.2602112676056338
SWE,2020-04-08,654,2840,0.23028169014084507
SWE,2020-04-09,645,2840,0.22711267605633803
SWE,2020-04-10,454,2840,0.15985915492957747
SWE,2020-04-11,395,2840,0.13908450704225353
SWE,2020-04-12,464,2840,0.16338028169014085
SWE,2020-04-13,437,2863,0.15263709395738737
SWE,2020-04-14,479,2863,0.1673070206077541
SWE,2020-04-15,604,2863,0.21096751659098847
SWE,2020-04-16,623,2863,0.2176039119804401
SWE,2020-04-17,688,2863,0.24030736989172197
SWE,2020-04-18,532,2863,0.18581907090464547
SWE,2020-04-19,388,2863,0.1355221795319595
SWE,2020-04-20,461,3471,0.1328147507922789
SWE,2020-04-21,707,3471,0.20368769806972054
SWE,2020-04-22,723,3471,0.20829732065687123
SWE,2020-04-23,758,3471,0.21838087006626333
SWE,2020-04-24,781,3471,0.2250072025352924
SWE,2020-04-25,473,3471,0.13627196773264189
SWE,2020-04-26,300,3471,0.08643042350907519
SWE,2020-04-27,563,4142,0.13592467407049735
SWE,2020-04-28,742,4142,0.1791405118300338
SWE,2020-04-29,799,4142,0.19290197971994205
SWE,2020-04-30,636,4142,0.15354901014002897
SWE,2020-05-01,532,4142,0.12844036697247707
SWE,2020-05-02,299,4142,0.07218734910671173
SWE,2020-05-03,261,4142,0.06301303718010623
SWE,2020-05-04,477,4141,0.11518956773726154
SWE,2020-05-05,657,4141,0.1586573291475489
SWE,2020-05-06,745,4141,0.1799082347259116
SWE,2020-05-07,785,4141,0.18956773726153103
SWE,2020-05-08,701,4141,0.16928278193673027
SWE,2020-05-09,509,4141,0.12291716976575706
SWE,2020-05-10,279,4141,0.06737503018594543
SWE,2020-05-11,455,4666,0.09751393056150878
SWE,2020-05-12,754,4666,0.16159451350192885
SWE,2020-05-13,698,4666,0.1495927989712816
SWE,2020-05-14,657,4666,0.1408058294042006
SWE,2020-05-15,688,4666,0.14744963566223745
SWE,2020-05-16,358,4666,0.07672524646378054
SWE,2020-05-17,259,4666,0.05550792970424347
SWE,2020-05-18,430,4113,0.10454655968879163
SWE,2020-05-19,666,4113,0.16192560175054704
SWE,2020-05-20,808,4113,0.1964502796012643
SWE,2020-05-21,610,4113,0.14831023583758812
SWE,2020-05-22,532,4113,0.12934597617310964
SWE,2020-05-23,403,4113,0.09798200826647216
SWE,2020-05-24,210,4113,0.05105762217359591
SWE,2020-05-25,490,5209,0.09406795930120944
SWE,2020-05-26,746,5209,0.14321366865041274
SWE,2020-05-27,800,5209,0.1535803417162603
SWE,2020-05-28,774,5209,0.14858898061048187
SWE,2020-05-29,773,5209,0.14839700518333654
SWE,2020-05-30,432,5209,0.08293338452678058
SWE,2020-05-31,265,5209,0.05087348819351123
SWE,2020-06-01,648,7023,0.0922682614267407
SWE,2020-06-02,900,7023,0.12815036309269542
SWE,2020-06-03,1046,7023,0.14893919977217712
SWE,2020-06-04,1039,7023,0.1479424747259006
SWE,2020-06-05,1146,7023,0.16317812900469886
SWE,2020-06-06,780,7023,0.11106364801366937
SWE,2020-06-07,462,7023,0.06578385305425032
SWE,2020-06-08,677,8668,0.07810336871250577
SWE,2020-06-09,937,8668,0.10809875403784033
SWE,2020-06-10,1437,8668,0.16578218735579142
SWE,2020-06-11,1293,8668,0.1491693585602215
SWE,2020-06-12,1329,8668,0.153322565759114
SWE,2020-06-13,1032,8668,0.11905860636825104
SWE,2020-06-14,418,8668,0.048223350253807105
SWE,2020-06-15,685,8829,0.07758523049042927
SWE,2020-06-16,1209,8829,0.13693510023785252
SWE,2020-06-17,1457,8829,0.16502435156869408
SWE,2020-06-18,1494,8829,0.1692150866462793
SWE,2020-06-19,1209,8829,0.13693510023785252
SWE,2020-06-20,698,8829,0.07905765092309434
SWE,2020-06-21,321,8829,0.036357458375807
SWE,2020-06-22,800,10738,0.07450176941702366
SWE,2020-06-23,1309,10738,0.12190352020860495
SWE,2020-06-24,1696,10738,0.15794375116409015
SWE,2020-06-25,1276,10738,0.11883032222015273
SWE,2020-06-26,1204,10738,0.1121251629726206
SWE,2020-06-27,755,10738,0.07031104488731607
SWE,2020-06-28,415,10738,0.03864779288508102
SWE,2020-06-29,726,11091,0.06545847984852583
SWE,2020-06-30,808,11091,0.07285186186998467
SWE,2020-07-01,685,11091,0.061761788837796414
SWE,2020-07-02,687,11091,0.0619421152285637
SWE,2020-07-03,694,11091,0.06257325759624921
SWE,2020-07-04,364,11091,0.03281940311964656
SWE,2020-07-05,315,11091,0.028401406545847985
SWE,2020-07-06,251,11685,0.021480530594779633
SWE,2020-07-07,278,11685,0.023791185280273856
SWE,2020-07-08,533,11685,0.0456140350877193
SWE,2020-07-09,334,11685,0.02858365425759521
SWE,2020-07-10,369,11685,0.031578947368421054
SWE,2020-07-11,308,11685,0.026358579375267435
SWE,2020-07-12,106,11685,0.009071459135643988
SWE,2020-07-13,170,9913,0.017149198022798344
SWE,2020-07-14,312,9913,0.03147382225360638
SWE,2020-07-15,287,9913,0.028951881367900736
SWE,2020-07-16,268,9913,0.02703520629476445
SWE,2020-07-17,284,9913,0.02864924846161606
SWE,2020-07-18,191,9913,0.019267628366791082
SWE,2020-07-19,110,9913,0.011096539897104811
SWE,2020-07-20,131,8449,0.015504793466682447
SWE,2020-07-21,226,8449,0.026748727660078117
SWE,2020-07-22,297,8449,0.03515208900461593
SWE,2020-07-23,220,8449,0.026038584447863652
SWE,2020-07-24,262,8449,0.031009586933364894
SWE,2020-07-25,138,8449,0.016333293880932655
SWE,2020-07-26,42,8449,0.004971002485501243
SWE,2020-07-27,71,7565,0.009385327164573694
SWE,2020-07-28,283,7565,0.03740912095175149
SWE,2020-07-29,301,7565,0.039788499669530734
SWE,2020-07-30,302,7565,0.03992068737607402
SWE,2020-07-31,258,7565,0.0341044282881692
SWE,2020-08-01,303,7565,0.04005287508261732
SWE,2020-08-02,38,7565,0.005023132848645076
SWE,2020-08-03,165,7674,0.02150117279124316
SWE,2020-08-04,333,7674,0.04339327599687256
SWE,2020-08-05,425,7674,0.05538180870471723
SWE,2020-08-06,378,7674,0.04925723221266615
SWE,2020-08-07,380,7674,0.04951785248892364
SWE,2020-08-08,260,7674,0.033880635913474066
SWE,2020-08-09,73,7674,0.009512640083398489
SWE,2020-08-10,196,8069,0.024290494485066302
SWE,2020-08-11,417,8069,0.05167926632792168
SWE,2020-08-12,443,8069,0.05490147478002231
SWE,2020-08-13,363,8069,0.04498698723509729
SWE,2020-08-14,344,8069,0.04263229644317759
SWE,2020-08-15,226,8069,0.028008427314413185
SWE,2020-08-16,63,8069,0.007807658941628454
SWE,2020-08-17,174,9363,0.018583787247677026
SWE,2020-08-18,314,9363,0.03353625974580797
SWE,2020-08-19,351,9363,0.037487984620314004
SWE,2020-08-20,333,9363,0.03556552387055431
SWE,2020-08-21,298,9363,0.031827405746021574
SWE,2020-08-22,160,9363,0.017088539997863934
SWE,2020-08-23,57,9363,0.006087792374239026
SWE,2020-08-24,174,12151,0.014319809069212411
SWE,2020-08-25,222,12151,0.018270101226236523
SWE,2020-08-26,244,12151,0.02008065179820591
SWE,2020-08-27,202,12151,0.01662414616080981
SWE,2020-08-28,179,12151,0.014731297835569089
SWE,2020-08-29,131,12151,0.010781005678544975
SWE,2020-08-30,48,12151,0.0039502921570241135
SWE,2020-08-31,162,18031,0.00898452664854972
SWE,2020-09-01,171,18031,0.009483667017913594
SWE,2020-09-02,213,18031,0.01181298874161167
SWE,2020-09-03,286,18031,0.015861571737563085
SWE,2020-09-04,262,18031,0.014530530752592757
SWE,2020-09-05,171,18031,0.009483667017913594
SWE,2020-09-06,67,18031,0.0037158227497088346
SWE,2020-09-07,185,20381,0.00907708159560375
SWE,2020-09-08,236,20381,0.011579412197635051
SWE,2020-09-09,314,20381,0.015406506059565282
SWE,2020-09-10,254,20381,0.012462587704234336
SWE,2020-09-11,291,20381,0.014278004023355086
SWE,2020-09-12,206,20381,0.010107453019969579
SWE,2020-09-13,106,20381,0.005200922427751337
SWE,2020-09-14,220,19924,0.011041959445894398
SWE,2020-09-15,292,19924,0.01465569162818711
SWE,2020-09-16,330,19924,0.0165629391688416
SWE,2020-09-17,389,19924,0.01952419192933146
SWE,2020-09-18,437,19924,0.0219333467175266
SWE,2020-09-19,279,19924,0.01400321220638426
SWE,2020-09-20,133,19924,0.0066753663922907045
SWE,2020-09-21,266,18407,0.01445102406693106
SWE,2020-09-22,438,18407,0.023795295268104526
SWE,2020-09-23,553,18407,0.030042918454935622
SWE,2020-09-24,540,18407,0.029336665399032978
SWE,2020-09-25,630,18407,0.03422610963220514
SWE,2020-09-26,325,18407,0.017656326397566143
SWE,2020-09-27,167,18407,0.00907263541044168
SWE,2020-09-28,378,18273,0.020686258414053523
SWE,2020-09-29,613,18273,0.03354676298363706
SWE,2020-09-30,689,18273,0.037705904886991735
SWE,2020-10-01,633,18273,0.03464127401083566
SWE,2020-10-02,712,18273,0.038964592568270125
SWE,2020-10-03,461,18273,0.025228479176927707
SWE,2020-10-04,156,18273,0.008537186012149072
SWE,2020-10-05,374,19586,0.019095272133156337
SWE,2020-10-06,786,19586,0.04013070560604513
SWE,2020-10-07,831,19586,0.04242826508730726
SWE,2020-10-08,834,19586,0.0425814357193914
SWE,2020-10-09,783,19586,0.03997753497396099
SWE,2020-10-10,509,19586,0.025987950576942715
SWE,2020-10-11,161,19586,0.008220157255182273
SWE,2020-10-12,637,21181,0.030074123034795334
SWE,2020-10-13,916,21181,0.04324630565129125
SWE,2020-10-14,968,21181,0.04570133610311128
SWE,2020-10-15,902,21181,0.042585335914262785
SWE,2020-10-16,1179,21181,0.05566309428261178
SWE,2020-10-17,697,21181,0.03290685047920306
SWE,2020-10-18,321,21181,0.015155091827581324
SWE,2020-10-19,771,23534,0.03276111158324127
SWE,2020-10-20,1289,23534,0.05477181949519844
SWE,2020-10-21,1571,23534,0.06675448287583921
SWE,2020-10-22,1666,23534,0.07079119571683522
SWE,2020-10-23,1867,23534,0.07933203025410045
SWE,2020-10-24,1477,23534,0.06276026174895895
SWE,2020-10-25,514,23534,0.02184074105549418
SWE,2020-10-26,1069,27043,0.03952963798395148
SWE,2020-10-27,2414,27043,0.08926524424065377
SWE,2020-10-28,3389,27043,0.12531893650852347
SWE,2020-10-29,3262,27043,0.12062271197722146
SWE,2020-10-30,4056,27043,0.14998335983433791
SWE,2020-10-31,2987,27043,0.11045372185038642
SWE,2020-11-01,1297,27043,0.04796065525274563
SWE,2020-11-02,1569,32574,0.048167249953951004
SWE,2020-11-03,3608,32574,0.1107631853625591
SWE,2020-11-04,4482,32574,0.13759440044207036
SWE,2020-11-05,4744,32574,0.14563762509977282
SWE,2020-11-06,4454,32574,0.13673481918094185
SWE,2020-11-07,4451,32574,0.1366427211886781
SWE,2020-11-08,2097,32574,0.06437649659237428
SWE,2020-11-09,3725,36327,0.10254080986593994
SWE,2020-11-10,4497,36327,0.12379222066231728
SWE,2020-11-11,5709,36327,0.15715583450326204
SWE,2020-11-12,5564,36327,0.15316431304539324
SWE,2020-11-13,6730,36327,0.18526165111349685
SWE,2020-11-14,3513,36327,0.09670493021719383
SWE,2020-11-15,1581,36327,0.04352134775786605
SWE,2020-11-16,2544,37244,0.06830630437117388
SWE,2020-11-17,4458,37244,0.11969713242401461
SWE,2020-11-18,4961,37244,0.13320266351627108
SWE,2020-11-19,7609,37244,0.20430136397809043
SWE,2020-11-20,5458,37244,0.14654709483406722
SWE,2020-11-21,4492,37244,0.12061003114595639
SWE,2020-11-22,2422,37244,0.06503060895714746
SWE,2020-11-23,3877,39387,0.09843349328458628
SWE,2020-11-24,5674,39387,0.14405768400741362
SWE,2020-11-25,6066,39387,0.15401020641328356
SWE,2020-11-26,6903,39387,0.17526087287683753
SWE,2020-11-27,6462,39387,0.16406428517023383
SWE,2020-11-28,3825,39387,0.09711326072054231
SWE,2020-11-29,2753,39387,0.06989615863102039
SWE,2020-11-30,3480,37318,0.09325258588348787
SWE,2020-12-01,5819,37318,0.15593011415402755
SWE,2020-12-02,6547,37318,0.1754381263733319
SWE,2020-12-03,6986,37318,0.18720188648909372
SWE,2020-12-04,7338,37318,0.19663433195776836
SWE,2020-12-05,4864,37318,0.1303392464762313
SWE,2020-12-06,1803,37318,0.048314486306876035
SWE,2020-12-07,3782,38706,0.09771094920684131
SWE,2020-12-08,7446,38706,0.1923732754611688
SWE,2020-12-09,8398,38706,0.21696894538314473
SWE,2020-12-10,6693,38706,0.17291892729809333
SWE,2020-12-11,7717,38706,0.19937477393685735
SWE,2020-12-12,6538,38706,0.1689143801994523
SWE,2020-12-13,3057,38706,0.07898000310029453
SWE,2020-12-14,3534,42778,0.08261255785684231
SWE,2020-12-15,7001,42778,0.16365889008368786
SWE,2020-12-16,8824,42778,0.206274253120763
SWE,2020-12-17,9640,42778,0.22534947870400673
SWE,2020-12-18,7917,42778,0.18507176586095656
SWE,2020-12-19,5509,42778,0.12878114918883538
SWE,2020-12-20,3752,42778,0.08770863527981673
SWE,2020-12-21,5160,33159,0.1556138604903646
SWE,2020-12-22,6595,33159,0.19889019572363462
SWE,2020-12-23,11376,33159,0.34307427847643174
SWE,2020-12-24,5036,33159,0.15187430260261167
SWE,2020-12-25,2793,33159,0.08423052564914503
SWE,2020-12-26,2966,33159,0.08944781205705842
SWE,2020-12-27,3208,33159,0.09674598148315691
SWE,2020-12-28,7091,28384,0.2498238444193912
SWE,2020-12-29,8872,28384,0.3125704622322435
SWE,2020-12-30,10459,28384,0.36848224351747466
SWE,2020-12-31,7000,28384,0.24661781285231116
SWE,2021-01-01,2618,28384,0.09223506200676437
SWE,2021-01-02,2531,28384,0.08916995490417136
SWE,2021-01-03,2755,28384,0.09706172491544532
SWE,2021-01-04,6984,29633,0.23568319103701954
SWE,2021-01-05,7546,29633,0.2546485337292883
SWE,2021-01-06,5029,29633,0.16970944555056863
SWE,2021-01-07,7151,29633,0.24131879998650155
SWE,2021-01-08,5697,29633,0.1922518813484966
SWE,2021-01-09,4736,29633,0.15982182026794453
SWE,2021-01-10,2318,29633,0.07822360206526507
SWE,2021-01-11,4648,28692,0.16199637529624983
SWE,2021-01-12,5341,28692,0.18614944932385333
SWE,2021-01-13,6597,28692,0.22992471769134254
SWE,2021-01-14,4747,28692,0.16544681444305032
SWE,2021-01-15,4207,28692,0.14662623727868396
SWE,2021-01-16,2162,28692,0.075352014498815
SWE,2021-01-17,1250,28692,0.04356615084344068
SWE,2021-01-18,2116,27598,0.07667222262482788
SWE,2021-01-19,4733,27598,0.1714979346329444
SWE,2021-01-20,4950,27598,0.17936082324806146
SWE,2021-01-21,4202,27598,0.15225740995724327
SWE,2021-01-22,3724,27598,0.13493731429813755
SWE,2021-01-23,2368,27598,0.08580331908109283
SWE,2021-01-24,1148,27598,0.041597217189651425
SWE,2021-01-25,1885,27628,0.06822788475459679
SWE,2021-01-26,4190,27628,0.1516577385261329
SWE,2021-01-27,4108,27628,0.14868973505139713
SWE,2021-01-28,2373,27628,0.08589112494570725
SWE,2021-01-29,4254,27628,0.15397422904299984
SWE,2021-01-30,2695,27628,0.09754596785869409
SWE,2021-01-31,1164,27628,0.04213117127551759
SWE,2021-02-01,1552,28221,0.05499450763615747
SWE,2021-02-02,4317,28221,0.1529711916657808
SWE,2021-02-03,3738,28221,0.13245455511852874
SWE,2021-02-04,3399,28221,0.12044222387583714
SWE,2021-02-05,3260,28221,0.11551681372027922
SWE,2021-02-06,2336,28221,0.08277523829772156
SWE,2021-02-07,1014,28221,0.03593068991176783
SWE,2021-02-08,1505,29908,0.05032098435201284
SWE,2021-02-09,4070,29908,0.13608399090544335
SWE,2021-02-10,4354,29908,0.1455797779858232
SWE,2021-02-11,3809,29908,0.1273572288350943
SWE,2021-02-12,3570,29908,0.11936605590477464
SWE,2021-02-13,2771,29908,0.09265079577370604
SWE,2021-02-14,1211,29908,0.040490838571619635
SWE,2021-02-15,1903,29908,0.06362846061254514
SWE,2021-02-16,4207,29908,0.1406647050956266
SWE,2021-02-17,4969,29908,0.1661428380366457
SWE,2021-02-18,4136,29908,0.13829075832553164
SWE,2021-02-19,4028,29908,0.1346796843653872
SWE,2021-02-20,2781,29908,0.09298515447371941
SWE,2021-02-21,1599,29908,0.05346395613213856
SWE,2021-02-22,2546,29908,0.08512772502340511
SWE,2021-02-23,5412,29908,0.1809549284472382
SWE,2021-02-24,4979,29908,0.1664771967366591
SWE,2021-02-25,4834,29908,0.16162899558646515
SWE,2021-02-26,4585,29908,0.15330346395613215
SWE,2021-02-27,3108,29908,0.10391868396415675
SWE,2021-02-28,1243,29908,0.04156078641166243
SWE,2021-03-01,2831,29908,0.09465694797378628
SWE,2021-03-02,6199,29908,0.20726895813829077
SWE,2021-03-03,4885,29908,0.16333422495653338
SWE,2021-03-04,4886,29908,0.1633676608265347
SWE,2021-03-05,4074,29908,0.1362177343854487
SWE,2021-03-06,3459,29908,0.11565467433462619
SWE,2021-03-07,1452,29908,0.048548883241941954
SWE,2021-03-08,1997,29908,0.06677143239267086
SWE,2021-03-09,5932,29908,0.19834158084793366
SWE,2021-03-10,5339,29908,0.17851410993714056
SWE,2021-03-11,5252,29908,0.1756051892470242
SWE,2021-03-12,0,29908,3.343587000133743e-05
SWE,2021-03-13,0,29908,3.343587000133743e-05
SWE,2021-03-14,0,29908,3.343587000133743e-05
