country,date,ratio
CZE,2020-01-23,0.0
CZE,2020-01-24,0.0
CZE,2020-01-25,0.0
CZE,2020-01-26,0.0
CZE,2020-01-27,1.8702182610168246e-06
CZE,2020-01-28,7.480873044067299e-07
CZE,2020-01-29,4.6755456525420615e-07
CZE,2020-01-30,9.351091305084123e-08
CZE,2020-01-31,2.805327391525237e-07
CZE,2020-02-01,9.351091305084123e-08
CZE,2020-02-02,4.6755456525420615e-07
CZE,2020-02-03,4.6755456525420615e-07
CZE,2020-02-04,4.6755456525420615e-07
CZE,2020-02-05,0.0
CZE,2020-02-06,2.805327391525237e-07
CZE,2020-02-07,5.610654783050474e-07
CZE,2020-02-08,0.0
CZE,2020-02-09,1.8702182610168246e-07
CZE,2020-02-10,7.480873044067299e-07
CZE,2020-02-11,1.8702182610168246e-07
CZE,2020-02-12,9.351091305084123e-08
CZE,2020-02-13,9.351091305084123e-08
CZE,2020-02-14,0.0
CZE,2020-02-15,9.351091305084123e-08
CZE,2020-02-16,9.351091305084123e-08
CZE,2020-02-17,1.8702182610168246e-07
CZE,2020-02-18,0.0
CZE,2020-02-19,1.8702182610168246e-07
CZE,2020-02-20,0.0
CZE,2020-02-21,0.0
CZE,2020-02-22,9.351091305084123e-08
CZE,2020-02-23,2.805327391525237e-07
CZE,2020-02-24,1.1221309566100948e-06
CZE,2020-02-25,1.3091527827117772e-06
CZE,2020-02-26,2.150751000169348e-06
CZE,2020-02-27,3.272881956779443e-06
CZE,2020-02-28,2.150751000169348e-06
CZE,2020-02-29,6.545763913558886e-07
CZE,2020-03-01,1.0286200435592535e-06
CZE,2020-03-02,4.769056565592902e-06
CZE,2020-03-03,7.293851217965616e-06
CZE,2020-03-04,6.265231174406363e-06
CZE,2020-03-05,7.106829391863934e-06
CZE,2020-03-06,1.0379711348643376e-05
CZE,2020-03-07,1.8047606218812357e-05
CZE,2020-03-08,1.3185038740168613e-05
CZE,2020-03-09,2.4780391958472925e-05
CZE,2020-03-10,1.5429300653388803e-05
CZE,2020-03-11,4.282799817728528e-05
CZE,2020-03-12,5.021536030830174e-05
CZE,2020-03-13,7.901672152796084e-05
CZE,2020-03-14,9.220176026812945e-05
CZE,2020-03-15,9.612921861626478e-05
CZE,2020-03-16,0.00012334089431405957
CZE,2020-03-17,0.00012100312148778855
CZE,2020-03-18,0.0001642051633172772
CZE,2020-03-19,0.00021124115258185034
CZE,2020-03-20,0.00019833664658083425
CZE,2020-03-21,0.0001759875383616832
CZE,2020-03-22,0.00016841315440456505
CZE,2020-03-23,0.00021423350179947725
CZE,2020-03-24,0.00028633041576167585
CZE,2020-03-25,0.0003840493198998049
CZE,2020-03-26,0.0004332360601645474
CZE,2020-03-27,0.0005011249830394581
CZE,2020-03-28,0.00039499009672675335
CZE,2020-03-29,0.0002663190803687958
CZE,2020-03-30,0.0004824228004292899
CZE,2020-03-31,0.0006228761918316534
CZE,2020-04-01,0.0005706035914362331
CZE,2020-04-02,0.0006239983227882635
CZE,2020-04-03,0.0006917937347501234
CZE,2020-04-04,0.0005458231994777602
CZE,2020-04-05,0.00044997451360064797
CZE,2020-04-06,0.0006017427254821633
CZE,2020-04-07,0.0007642646923645254
CZE,2020-04-08,0.0007919439226275744
CZE,2020-04-09,0.0007649192687558812
CZE,2020-04-10,0.0005331992262158966
CZE,2020-04-11,0.00045736187573166447
CZE,2020-04-12,0.00030391046741523397
CZE,2020-04-13,0.00030063758545845453
CZE,2020-04-14,0.0005772428662628429
CZE,2020-04-15,0.0007925984990189303
CZE,2020-04-16,0.0007837149622791003
CZE,2020-04-17,0.0007750184473653721
CZE,2020-04-18,0.000524128667649965
CZE,2020-04-19,0.0003765684468557376
CZE,2020-04-20,0.0006140861660048744
CZE,2020-04-21,0.0007799745257570667
CZE,2020-04-22,0.0008245792312823179
CZE,2020-04-23,0.0007388297240146966
CZE,2020-04-24,0.0006666392991394472
CZE,2020-04-25,0.0004157495194240401
CZE,2020-04-26,0.0003161603970248942
CZE,2020-04-27,0.0007250836197962229
CZE,2020-04-28,0.0008173788909774032
CZE,2020-04-29,0.0006846869053582595
CZE,2020-04-30,0.0006916067129240217
CZE,2020-05-01,0.000420518575989633
CZE,2020-05-02,0.00036328989720251816
CZE,2020-05-03,0.0003629158535503148
CZE,2020-05-04,0.0007252706416223246
CZE,2020-05-05,0.0008774128971560433
CZE,2020-05-06,0.0007529498718853736
CZE,2020-05-07,0.0007105894282733425
CZE,2020-05-08,0.0004217342178592939
CZE,2020-05-09,0.00035421933863658656
CZE,2020-05-10,0.0003789062196820087
CZE,2020-05-11,0.0007302267200140192
CZE,2020-05-12,0.0008186880437601149
CZE,2020-05-13,0.0007188183886218166
CZE,2020-05-14,0.0006454123218769061
CZE,2020-05-15,0.000634939099615212
CZE,2020-05-16,0.00039246530207438064
CZE,2020-05-17,0.0003322442740696389
CZE,2020-05-18,0.0006974043895331739
CZE,2020-05-19,0.0007795069711918125
CZE,2020-05-20,0.0007030150443162244
CZE,2020-05-21,0.0006816945561406325
CZE,2020-05-22,0.0007245225543179179
CZE,2020-05-23,0.0004730717091242058
CZE,2020-05-24,0.00035992350433268787
CZE,2020-05-25,0.000702079935185716
CZE,2020-05-26,0.0006771125214011413
CZE,2020-05-27,0.000640175710746059
CZE,2020-05-28,0.0005622811201747083
CZE,2020-05-29,0.0005716322114797924
CZE,2020-05-30,0.00033177671950438466
CZE,2020-05-31,0.00020020686484185107
CZE,2020-06-01,0.0005349759335638626
CZE,2020-06-02,0.0006057636947433495
CZE,2020-06-03,0.0004968234810391194
CZE,2020-06-04,0.0004685831852977654
CZE,2020-06-05,0.0003902210401611604
CZE,2020-06-06,0.00020104846305930865
CZE,2020-06-07,0.0001988977120591393
CZE,2020-06-08,0.0004380051167301403
CZE,2020-06-09,0.0004256616762074293
CZE,2020-06-10,0.0003804023942908221
CZE,2020-06-11,0.00034963730389709534
CZE,2020-06-12,0.0003484216620274344
CZE,2020-06-13,0.0001544800283599897
CZE,2020-06-14,0.00010482573352999301
CZE,2020-06-15,0.0003434655836357398
CZE,2020-06-16,0.00037619440320353425
CZE,2020-06-17,0.0003774100450731952
CZE,2020-06-18,0.00041172855016285395
CZE,2020-06-19,0.00033420800324370653
CZE,2020-06-20,0.00015887504127337924
CZE,2020-06-21,0.00012277982883575453
CZE,2020-06-22,0.0003656276700287892
CZE,2020-06-23,0.0004270643399031919
CZE,2020-06-24,0.00040088128424895636
CZE,2020-06-25,0.00037843866511675446
CZE,2020-06-26,0.0004238849688594633
CZE,2020-06-27,0.0002388268719318485
CZE,2020-06-28,0.0002265769423221883
CZE,2020-06-29,0.0004193964450330229
CZE,2020-06-30,0.0004125701483803115
CZE,2020-07-01,0.0004294956236425138
CZE,2020-07-02,0.00043622840938217436
CZE,2020-07-03,0.0004777472547767478
CZE,2020-07-04,0.00015775291031676917
CZE,2020-07-05,0.00014251063148948203
CZE,2020-07-06,0.00016027770496914186
CZE,2020-07-07,0.0003889118873784487
CZE,2020-07-08,0.0005055199959528477
CZE,2020-07-09,0.00043781809490403865
CZE,2020-07-10,0.0004986936993001363
CZE,2020-07-11,0.0002170388291910025
CZE,2020-07-12,0.00016710400162185326
CZE,2020-07-13,0.0004136922793369216
CZE,2020-07-14,0.0004490394044701396
CZE,2020-07-15,0.00043894022586064873
CZE,2020-07-16,0.000442306618730479
CZE,2020-07-17,0.0004420260859913265
CZE,2020-07-18,0.00021825447106066343
CZE,2020-07-19,0.00017112497088303945
CZE,2020-07-20,0.0005409606319991165
CZE,2020-07-21,0.0005693879495665723
CZE,2020-07-22,0.0006180136243530097
CZE,2020-07-23,0.0005196401438235247
CZE,2020-07-24,0.0005833210756111476
CZE,2020-07-25,0.0003120459168506572
CZE,2020-07-26,0.00016682346888270076
CZE,2020-07-27,0.0006126835023091118
CZE,2020-07-28,0.0007395778113191033
CZE,2020-07-29,0.0007021734460987668
CZE,2020-07-30,0.0007128336901865627
CZE,2020-07-31,0.0007673505524952031
CZE,2020-08-01,0.00044015586773030966
CZE,2020-08-02,0.0002475233868455767
CZE,2020-08-03,0.0007243355324918162
CZE,2020-08-04,0.0007868008224097781
CZE,2020-08-05,0.0006494332911380923
CZE,2020-08-06,0.0006884273418802931
CZE,2020-08-07,0.0008608614655460444
CZE,2020-08-08,0.000515338641823186
CZE,2020-08-09,0.0002737999534128631
CZE,2020-08-10,0.0006062312493086036
CZE,2020-08-11,0.0008128903671509628
CZE,2020-08-12,0.0007407934531887642
CZE,2020-08-13,0.0006931028875328352
CZE,2020-08-14,0.0007479002825806282
CZE,2020-08-15,0.0004781212984289512
CZE,2020-08-16,0.00027856900997845605
CZE,2020-08-17,0.0006781411414447006
CZE,2020-08-18,0.000719098921360969
CZE,2020-08-19,0.0007158260394041896
CZE,2020-08-20,0.0007703429017128301
CZE,2020-08-21,0.00090817798754977
CZE,2020-08-22,0.0004785888529942054
CZE,2020-08-23,0.0002248002349742223
CZE,2020-08-24,0.0006931963984458861
CZE,2020-08-25,0.0008194361310645216
CZE,2020-08-26,0.0008308444624567244
CZE,2020-08-27,0.0008601133782416376
CZE,2020-08-28,0.0010123491446884072
CZE,2020-08-29,0.0006146472314831794
CZE,2020-08-30,0.0003689940628986195
CZE,2020-08-31,0.0008762907661994332
CZE,2020-09-01,0.0010414310386472187
CZE,2020-09-02,0.001104363883130435
CZE,2020-09-03,0.0010792094475197587
CZE,2020-09-04,0.0012767980067961862
CZE,2020-09-05,0.0006983394986636823
CZE,2020-09-06,0.00042425901251166663
CZE,2020-09-07,0.0010851006350419616
CZE,2020-09-08,0.0015069283638143064
CZE,2020-09-09,0.001449980217766344
CZE,2020-09-10,0.0015441457072085413
CZE,2020-09-11,0.0017969992160980159
CZE,2020-09-12,0.0012452848290980527
CZE,2020-09-13,0.0006629923735304643
CZE,2020-09-14,0.0016382176857376875
CZE,2020-09-15,0.0019133267919332624
CZE,2020-09-16,0.0019251091669776684
CZE,2020-09-17,0.0022060159497823955
CZE,2020-09-18,0.0020179655036371537
CZE,2020-09-19,0.0014242647166773628
CZE,2020-09-20,0.0009875687527299342
CZE,2020-09-21,0.0018150468223168282
CZE,2020-09-22,0.0020946444523388436
CZE,2020-09-23,0.0020988524434261313
CZE,2020-09-24,0.0021659932789966354
CZE,2020-09-25,0.002163094440692059
CZE,2020-09-26,0.0014389459300263448
CZE,2020-09-27,0.000978872237816206
CZE,2020-09-28,0.0011425163356551782
CZE,2020-09-29,0.001713400459830564
CZE,2020-09-30,0.0019723321780683433
CZE,2020-10-01,0.0022368745510891732
CZE,2020-10-02,0.0022105044736088356
CZE,2020-10-03,0.0014214593892858374
CZE,2020-10-04,0.0007271408598833414
CZE,2020-10-05,0.001661501903087347
CZE,2020-10-06,0.002154958991256636
CZE,2020-10-07,0.002246132131481206
CZE,2020-10-08,0.002344599122923742
CZE,2020-10-09,0.0025942732607694883
CZE,2020-10-10,0.0016947917881334465
CZE,2020-10-11,0.0010757495437368775
CZE,2020-10-12,0.0020617286109449475
CZE,2020-10-13,0.002958498267102515
CZE,2020-10-14,0.0032596969180392742
CZE,2020-10-15,0.0032547408396475797
CZE,2020-10-16,0.003621023086067725
CZE,2020-10-17,0.0027379060232155805
CZE,2020-10-18,0.0016121281409965029
CZE,2020-10-19,0.0029142676052294667
CZE,2020-10-20,0.0037962625371250015
CZE,2020-10-21,0.004230901260985311
CZE,2020-10-22,0.004341244138385304
CZE,2020-10-23,0.004231555837376668
CZE,2020-10-24,0.0036648797042885695
CZE,2020-10-25,0.0020191811455068146
CZE,2020-10-26,0.0033287079718707954
CZE,2020-10-27,0.004441581348088856
CZE,2020-10-28,0.0037519383643389026
CZE,2020-10-29,0.003981414144965667
CZE,2020-10-30,0.004378367970866488
CZE,2020-10-31,0.003394072100093333
CZE,2020-11-01,0.0019303457781085155
CZE,2020-11-02,0.0030604251623279318
CZE,2020-11-03,0.004051547329753798
CZE,2020-11-04,0.004253250369204462
CZE,2020-11-05,0.004042757303927019
CZE,2020-11-06,0.0037708275687751724
CZE,2020-11-07,0.0024540068911932263
CZE,2020-11-08,0.0012836243034488977
CZE,2020-11-09,0.0028489969879199797
CZE,2020-11-10,0.003485525773057056
CZE,2020-11-11,0.0030800624540686084
CZE,2020-11-12,0.0029151092034469246
CZE,2020-11-13,0.002926611045752178
CZE,2020-11-14,0.0015142222150322721
CZE,2020-11-15,0.0008434684357185878
CZE,2020-11-16,0.0024375489704962783
CZE,2020-11-17,0.0016448569605642973
CZE,2020-11-18,0.002293916208050186
CZE,2020-11-19,0.0024971154221096643
CZE,2020-11-20,0.0024176311460164493
CZE,2020-11-21,0.0013637631559334684
CZE,2020-11-22,0.0006760839013575821
CZE,2020-11-23,0.0022124682027829033
CZE,2020-11-24,0.0023032672993552705
CZE,2020-11-25,0.002118022180601554
CZE,2020-11-26,0.0019220233068469907
CZE,2020-11-27,0.0021876878108244304
CZE,2020-11-28,0.0011522414706124657
CZE,2020-11-29,0.0006031453891779259
CZE,2020-11-30,0.002082113989990031
CZE,2020-12-01,0.002167957008170703
CZE,2020-12-02,0.0021198923988625705
CZE,2020-12-03,0.0019381071838917353
CZE,2020-12-04,0.0021298980665590108
CZE,2020-12-05,0.0012141456950521224
CZE,2020-12-06,0.000626055562875382
CZE,2020-12-07,0.002142615550733925
CZE,2020-12-08,0.002449518367366786
CZE,2020-12-09,0.002362833750968656
CZE,2020-12-10,0.002391167557623061
CZE,2020-12-11,0.002661788139992196
CZE,2020-12-12,0.001504310058248883
CZE,2020-12-13,0.0008393539555443508
CZE,2020-12-14,0.00246663086445509
CZE,2020-12-15,0.0030087136274108165
CZE,2020-12-16,0.0030383565868479334
CZE,2020-12-17,0.002927172111230483
CZE,2020-12-18,0.003181054240163517
CZE,2020-12-19,0.001995990439070206
CZE,2020-12-20,0.0010845395695636565
CZE,2020-12-21,0.002761564284217443
CZE,2020-12-22,0.0033933240127889267
CZE,2020-12-23,0.003915021396699569
CZE,2020-12-24,0.001001782411513662
CZE,2020-12-25,0.0007311618291445276
CZE,2020-12-26,0.0008149476072380813
CZE,2020-12-27,0.0009802749015119685
CZE,2020-12-28,0.0026371012589467735
CZE,2020-12-29,0.0033734061883090973
CZE,2020-12-30,0.003314120269434864
CZE,2020-12-31,0.0026095155395967754
CZE,2021-01-01,0.0006156758515267387
CZE,2021-01-02,0.0012576282696207637
CZE,2021-01-03,0.0014327742097649894
CZE,2021-01-04,0.0032894333883894417
CZE,2021-01-05,0.004096526078931253
CZE,2021-01-06,0.0036472061417219606
CZE,2021-01-07,0.0036443073034173844
CZE,2021-01-08,0.0036237349025461992
CZE,2021-01-09,0.0019710230252856314
CZE,2021-01-10,0.0011516804051341606
CZE,2021-01-11,0.0031782489127719915
CZE,2021-01-12,0.0033995892439633328
CZE,2021-01-13,0.003026761233629629
CZE,2021-01-14,0.002824777661439812
CZE,2021-01-15,0.0029163248453165855
CZE,2021-01-16,0.001626061267041078
CZE,2021-01-17,0.0008261689168041822
CZE,2021-01-18,0.0027866252089150684
CZE,2021-01-19,0.002972524904060141
CZE,2021-01-20,0.0026737575368627033
CZE,2021-01-21,0.002350583821358996
CZE,2021-01-22,0.0028418901585281157
CZE,2021-01-23,0.00132168324506059
CZE,2021-01-24,0.000737333549405883
CZE,2021-01-25,0.0025492010006789825
CZE,2021-01-26,0.0027532418129559183
CZE,2021-01-27,0.0028507736952679457
CZE,2021-01-28,0.002414171242233568
CZE,2021-01-29,0.002929603394969805
CZE,2021-01-30,0.0013489884316714355
CZE,2021-01-31,0.0007130207120126644
CZE,2021-02-01,0.0025710825543328797
CZE,2021-02-02,0.0028037377060033727
CZE,2021-02-03,0.0029732729913645476
CZE,2021-02-04,0.0025942732607694883
CZE,2021-02-05,0.0029168859107948906
CZE,2021-02-06,0.0013932190935444834
CZE,2021-02-07,0.0007311618291445276
CZE,2021-02-08,0.0023899519157534
CZE,2021-02-09,0.0029339048969701438
CZE,2021-02-10,0.0027985946057855764
CZE,2021-02-11,0.0026396260535991463
CZE,2021-02-12,0.002904168426619976
CZE,2021-02-13,0.001539002606990745
CZE,2021-02-14,0.0007842760277574054
CZE,2021-02-15,0.002721074058866429
CZE,2021-02-16,0.0032299604476891067
CZE,2021-02-17,0.0030653812407196264
CZE,2021-02-18,0.0031861973403813134
CZE,2021-02-19,0.0035069397721456987
CZE,2021-02-20,0.0017583792090080184
CZE,2021-02-21,0.0008950864597226522
CZE,2021-02-22,0.003166747070466738
CZE,2021-02-23,0.003651788176461452
ITA,2020-01-22,0.0
ITA,2020-01-23,0.0
ITA,2020-01-24,0.0
ITA,2020-01-25,0.0
ITA,2020-01-26,0.0
ITA,2020-01-27,0.0
ITA,2020-01-28,0.0
ITA,2020-01-29,0.0
ITA,2020-01-30,0.0
ITA,2020-01-31,0.0
ITA,2020-02-01,0.0
ITA,2020-02-02,0.0
ITA,2020-02-03,0.0
ITA,2020-02-04,0.0
ITA,2020-02-05,0.0
ITA,2020-02-06,0.0
ITA,2020-02-07,0.0
ITA,2020-02-08,0.0
ITA,2020-02-09,0.0
ITA,2020-02-10,0.0
ITA,2020-02-11,0.0
ITA,2020-02-12,0.0
ITA,2020-02-13,0.0
ITA,2020-02-14,0.0
ITA,2020-02-15,0.0
ITA,2020-02-16,0.0
ITA,2020-02-17,0.0
ITA,2020-02-18,0.0
ITA,2020-02-19,0.0
ITA,2020-02-20,0.0
ITA,2020-02-21,0.0
ITA,2020-02-22,0.0
ITA,2020-02-23,0.0
ITA,2020-02-24,7.249986787720655e-05
ITA,2020-02-25,7.208069657819403e-05
ITA,2020-02-26,1.6163245289923014e-05
ITA,2020-02-27,4.069314970813606e-05
ITA,2020-02-28,6.171878206660437e-05
ITA,2020-02-29,4.973048291484612e-05
ITA,2020-03-01,4.13470569345956e-05
ITA,2020-03-02,3.718887764839134e-05
ITA,2020-03-03,4.2101565272818146e-05
ITA,2020-03-04,6.674883765475469e-05
ITA,2020-03-05,4.233630120026516e-05
ITA,2020-03-06,6.70171072861227e-05
ITA,2020-03-07,9.56213567307375e-05
ITA,2020-03-08,0.00013203895918894578
ITA,2020-03-09,6.520628727438859e-05
ITA,2020-03-10,0.0001162781183460748
ITA,2020-03-11,0.00020779159634648955
ITA,2020-03-12,0.00021557141565616204
ITA,2020-03-13,0.0001924331599506706
ITA,2020-03-14,0.0001958703646025733
ITA,2020-03-15,0.00026372581448672104
ITA,2020-03-16,0.00021902538716002526
ITA,2020-03-17,0.00017932148171755875
ITA,2020-03-18,0.0002830915285010998
ITA,2020-03-19,0.0002889934603911961
ITA,2020-03-20,0.00040423203391571987
ITA,2020-03-21,0.00044157181323175573
ITA,2020-03-22,0.0004221893323654165
ITA,2020-03-23,0.00028614309555791096
ITA,2020-03-24,0.0003604202497429306
ITA,2020-03-25,0.0004607698587265294
ITA,2020-03-26,0.000613918284533746
ITA,2020-03-27,0.0005536246848837843
ITA,2020-03-28,0.0005943346014438808
ITA,2020-03-29,0.0004108549404401178
ITA,2020-03-30,0.00039115388938652904
ITA,2020-03-31,0.0004964497196984757
ITA,2020-04-01,0.0005777018842990638
ITA,2020-04-02,0.0006674716096955864
ITA,2020-04-03,0.0006474855221586691
ITA,2020-04-04,0.0006266610920237269
ITA,2020-04-05,0.0005740467105716746
ITA,2020-04-06,0.0005075493756963274
ITA,2020-04-07,0.000565260880144372
ITA,2020-04-08,0.0008665109093186944
ITA,2020-04-09,0.0007753663020614107
ITA,2020-04-10,0.0008969427456270038
ITA,2020-04-11,0.000949154722632004
ITA,2020-04-12,0.0007833473235946092
ITA,2020-04-13,0.0006156285034337171
ITA,2020-04-14,0.0004489995286502577
ITA,2020-04-15,0.0007329629334533036
ITA,2020-04-16,0.0010227612027386038
ITA,2020-04-17,0.0011016660080647217
ITA,2020-04-18,0.0010349339372619274
ITA,2020-04-19,0.0008502135292130874
ITA,2020-04-20,0.0006955393198774651
ITA,2020-04-21,0.0008739889252930779
ITA,2020-04-22,0.001058005125559577
ITA,2020-04-23,0.0011176448179830792
ITA,2020-04-24,0.0010470396043774093
ITA,2020-04-25,0.0010963341491412822
ITA,2020-04-26,0.0008369341824603705
ITA,2020-04-27,0.0005365895632919151
ITA,2020-04-28,0.0009602711454818163
ITA,2020-04-29,0.0010701778600829006
ITA,2020-04-30,0.0011477916178080601
ITA,2020-05-01,0.001244234550284862
ITA,2020-05-02,0.0009290848008352843
ITA,2020-05-03,0.0007534184928451148
ITA,2020-05-04,0.0006309534061256151
ITA,2020-05-05,0.0009265865398931696
ITA,2020-05-06,0.0010774882075376792
ITA,2020-05-07,0.0011796989370888935
ITA,2020-05-08,0.0010693059837809547
ITA,2020-05-09,0.0011597799169598183
ITA,2020-05-10,0.0008664773756147734
ITA,2020-05-11,0.0006830815488708128
ITA,2020-05-12,0.001123429381909452
ITA,2020-05-13,0.0010390921165481317
ITA,2020-05-14,0.0012051342515129737
ITA,2020-05-15,0.0011430968992591198
ITA,2020-05-16,0.0011599140517755022
ITA,2020-05-17,0.0010077045696780737
ITA,2020-05-18,0.0006104140124740013
ITA,2020-05-19,0.0010589608361213255
ITA,2020-05-20,0.0011266486174858683
ITA,2020-05-21,0.001201831181676755
ITA,2020-05-22,0.0012638853007825694
ITA,2020-05-23,0.0012140877504598813
ITA,2020-05-24,0.0009359927438430108
ITA,2020-05-25,0.0005908806299400176
ITA,2020-05-26,0.0009670114199699377
ITA,2020-05-27,0.001128811541388773
ITA,2020-05-28,0.0012724866958383064
ITA,2020-05-29,0.0012094768661707433
ITA,2020-05-30,0.001162647048645064
ITA,2020-05-31,0.000907388494398396
ITA,2020-06-01,0.0005263785504479701
ITA,2020-06-02,0.0008745422314077744
ITA,2020-06-03,0.0006253868112747287
ITA,2020-06-04,0.000837554555982909
ITA,2020-06-05,0.0010903148492874624
ITA,2020-06-06,0.0012153452643569188
ITA,2020-06-07,0.0008295903013016711
ITA,2020-06-08,0.00045458289035310454
ITA,2020-06-09,0.0009222271583834394
ITA,2020-06-10,0.0010512648510714556
ITA,2020-06-11,0.0010474587756764218
ITA,2020-06-12,0.0011840750854505843
ITA,2020-06-13,0.0008341508850349274
ITA,2020-06-14,0.000947779840771243
ITA,2020-06-15,0.00047126590805380306
ITA,2020-06-16,0.0007860635536122104
ITA,2020-06-17,0.0013028011641828922
ITA,2020-06-18,0.0009750595089109783
ITA,2020-06-19,0.0009647814286591911
ITA,2020-06-20,0.0009175156729825386
ITA,2020-06-21,0.0006798120127385152
ITA,2020-06-22,0.0004857692349996365
ITA,2020-06-23,0.0006788060016208851
ITA,2020-06-24,0.0008931031365280491
ITA,2020-06-25,0.0009399664877576495
ITA,2020-06-26,0.0008847532442517195
ITA,2020-06-27,0.0010286631346287
ITA,2020-06-28,0.0006261748533168723
ITA,2020-06-29,0.00045636017666091767
ITA,2020-06-30,0.0008093862446892673
ITA,2020-07-01,0.0009283135256451013
ITA,2020-07-02,0.0008927174989329576
ITA,2020-07-03,0.0008399522158132607
ITA,2020-07-04,0.0008720607373176203
ITA,2020-07-05,0.0006281198081442904
ITA,2020-07-06,0.00037165404055646635
ITA,2020-07-07,0.000724646574880895
ITA,2020-07-08,0.0008457703134435546
ITA,2020-07-09,0.0008811316042282514
ITA,2020-07-10,0.0008040208520619069
ITA,2020-07-11,0.0007701182773977739
ITA,2020-07-12,0.0006414829891568098
ITA,2020-07-13,0.0004012810679706717
ITA,2020-07-14,0.0007019777910302976
ITA,2020-07-15,0.0008123372106343155
ITA,2020-07-16,0.0008455858780719891
ITA,2020-07-17,0.000851202773478757
ITA,2020-07-18,0.0008092521098735833
ITA,2020-07-19,0.0005956424158967999
ITA,2020-07-20,0.00040664646059803203
ITA,2020-07-21,0.0007228189880172004
ITA,2020-07-22,0.0008269076049879909
ITA,2020-07-23,0.001011225608589779
ITA,2020-07-24,0.0008942432824613632
ITA,2020-07-25,0.0008663600076510499
ITA,2020-07-26,0.0006794934425512657
ITA,2020-07-27,0.0004284098344427624
ITA,2020-07-28,0.0008076592589373357
ITA,2020-07-29,0.000939245513123348
ITA,2020-07-30,0.001037163928572674
ITA,2020-07-31,0.0010218390258807761
ITA,2020-08-01,0.0010124328219309352
ITA,2020-08-02,0.0007254849174789201
ITA,2020-08-03,0.0004030080537226033
ITA,2020-08-04,0.0007341869136464201
ITA,2020-08-05,0.0009465055600222449
ITA,2020-08-06,0.0009837615050784783
ITA,2020-08-07,0.0009925305686538204
ITA,2020-08-08,0.0008936396757907851
ITA,2020-08-09,0.0006310540072373782
ITA,2020-08-10,0.0004431814310199638
ITA,2020-08-11,0.0006814383973786838
ITA,2020-08-12,0.0008829088905360644
ITA,2020-08-13,0.0008582616181541278
ITA,2020-08-14,0.0007833976241504906
ITA,2020-08-15,0.0008907054766976974
ITA,2020-08-16,0.0006171375201101622
ITA,2020-08-17,0.0005141722822207253
ITA,2020-08-18,0.0009050076014200048
ITA,2020-08-19,0.0011920393401318224
ITA,2020-08-20,0.0012984585495251226
ITA,2020-08-21,0.0012071462737482338
ITA,2020-08-22,0.0013023484591799589
ITA,2020-08-23,0.0011295995834309164
ITA,2020-08-24,0.0007698332409144453
ITA,2020-08-25,0.0012129308376746066
ITA,2020-08-26,0.001568186897013703
ITA,2020-08-27,0.001576486488734151
ITA,2020-08-28,0.0016274744855460347
ITA,2020-08-29,0.0016617291641013382
ITA,2020-08-30,0.0012864031829655223
ITA,2020-08-31,0.0009811626430246006
ITA,2020-09-01,0.0013589533513986103
ITA,2020-09-02,0.0017262983110012278
ITA,2020-09-03,0.0015557961934148927
ITA,2020-09-04,0.0018960794539532614
ITA,2020-09-05,0.0018050857483636223
ITA,2020-09-06,0.001288633174276269
ITA,2020-09-07,0.0008811483710802118
ITA,2020-09-08,0.0015493074217061789
ITA,2020-09-09,0.001609450119688496
ITA,2020-09-10,0.0015792027187517522
ITA,2020-09-11,0.0016579063218543442
ITA,2020-09-12,0.0015543877778502106
ITA,2020-09-13,0.0012096110009864275
ITA,2020-09-14,0.0007596892954783422
ITA,2020-09-15,0.0013500166193036631
ITA,2020-09-16,0.0016868626751901294
ITA,2020-09-17,0.0017064128245760737
ITA,2020-09-18,0.0016739857328844645
ITA,2020-09-19,0.0017307247599188
ITA,2020-09-20,0.0013988249253606819
ITA,2020-09-21,0.0009366298842175098
ITA,2020-09-22,0.0014637964767076233
ITA,2020-09-23,0.0017386554808961172
ITA,2020-09-24,0.0018111385819213632
ITA,2020-09-25,0.0017985634429509875
ITA,2020-09-26,0.0017502413756008233
ITA,2020-09-27,0.0014706876528633893
ITA,2020-09-28,0.0008569370368492483
ITA,2020-09-29,0.0015121185440577873
ITA,2020-09-30,0.001769975960358333
ITA,2020-10-01,0.0019824455084018026
ITA,2020-10-02,0.002017069057700237
ITA,2020-10-03,0.0019941152373663114
ITA,2020-10-04,0.0015545219126658946
ITA,2020-10-05,0.0010100519289525439
ITA,2020-10-06,0.001672359348244296
ITA,2020-10-07,0.002101121286578229
ITA,2020-10-08,0.002147800202436264
ITA,2020-10-09,0.0021708210901780316
ITA,2020-10-10,0.002231399726311322
ITA,2020-10-11,0.0017547851924821192
ITA,2020-10-12,0.001432593365209131
ITA,2020-10-13,0.0018870085870426306
ITA,2020-10-14,0.002551847800980418
ITA,2020-10-15,0.0027318567236283577
ITA,2020-10-16,0.002521348897264267
ITA,2020-10-17,0.002780564428573613
ITA,2020-10-18,0.0024570312531437847
ITA,2020-10-19,0.001657604518519055
ITA,2020-10-20,0.0024267838522070407
ITA,2020-10-21,0.0029819510874711914
ITA,2020-10-22,0.0028569374392536954
ITA,2020-10-23,0.0030521035960739277
ITA,2020-10-24,0.0029789498209702617
ITA,2020-10-25,0.0027142179953659105
ITA,2020-10-26,0.002090591703547034
ITA,2020-10-27,0.0029241054482074627
ITA,2020-10-28,0.0033357987312456054
ITA,2020-10-29,0.003377715861146858
ITA,2020-10-30,0.003606298353924369
ITA,2020-10-31,0.00361972860234473
ITA,2020-11-01,0.0030759963601176415
ITA,2020-11-02,0.0022757815834507683
ITA,2020-11-03,0.0030563791433238555
ITA,2020-11-04,0.0035517390176448985
ITA,2020-11-05,0.0036867624764828134
ITA,2020-11-06,0.003927551237487569
ITA,2020-11-07,0.0038844268942451604
ITA,2020-11-08,0.003204883151138013
ITA,2020-11-09,0.0024768832058650178
ITA,2020-11-10,0.0036511161492147884
ITA,2020-11-11,0.0037832724763674575
ITA,2020-11-12,0.003934710683274703
ITA,2020-11-13,0.004274004699547402
ITA,2020-11-14,0.003817728357146287
ITA,2020-11-15,0.003274147016586843
ITA,2020-11-16,0.002559677920845972
ITA,2020-11-17,0.0034951844259821286
ITA,2020-11-18,0.003937426913292305
ITA,2020-11-19,0.004194831624589917
ITA,2020-11-20,0.003991801814200209
ITA,2020-11-21,0.003977516456329862
ITA,2020-11-22,0.0031646930069886923
ITA,2020-11-23,0.0024973387652568292
ITA,2020-11-24,0.003163217524016168
ITA,2020-11-25,0.0038564933188789657
ITA,2020-11-26,0.0039018308865801606
ITA,2020-11-27,0.003735704917355516
ITA,2020-11-28,0.003788302531955608
ITA,2020-11-29,0.0029666261847792934
ITA,2020-11-30,0.0021884765852924395
ITA,2020-12-01,0.003053243742007242
ITA,2020-12-02,0.0034731360156540696
ITA,2020-12-03,0.003689495473352375
ITA,2020-12-04,0.0035669968529289543
ITA,2020-12-05,0.0032692678626663374
ITA,2020-12-06,0.002742218638139947
ITA,2020-12-07,0.0018647589744910456
ITA,2020-12-08,0.002502150851769493
ITA,2020-12-09,0.001986452786020362
ITA,2020-12-10,0.0028769570604945337
ITA,2020-12-11,0.0031926768829107686
ITA,2020-12-12,0.0032936636322688662
ITA,2020-12-13,0.0025602479938126293
ITA,2020-12-14,0.001736777593476541
ITA,2020-12-15,0.0027569902347171485
ITA,2020-12-16,0.0033448025307483945
ITA,2020-12-17,-0.000796593136643405
ITA,2020-12-18,0.003014679982498089
ITA,2020-12-19,0.002954067812660878
ITA,2020-12-20,0.0023041007964120547
ITA,2020-12-21,0.001473621851956477
ITA,2020-12-22,0.0026442163884308183
ITA,2020-12-23,0.0030828204688655657
ITA,2020-12-24,0.0032490302723500123
ITA,2020-12-25,0.0025541616265509675
ITA,2020-12-26,0.0013675715133063078
ITA,2020-12-27,0.0010039823285428425
ITA,2020-12-28,0.0011515641594991729
ITA,2020-12-29,0.0021585645213949055
ITA,2020-12-30,0.0028343524896629006
ITA,2020-12-31,0.003118701532061038
ITA,2021-01-01,0.0026411815882259678
ITA,2021-01-02,0.0011262965135946977
ITA,2021-01-03,0.0017265498137806353
ITA,2021-01-04,0.0013076970849553585
ITA,2021-01-05,0.0022653023009754553
ITA,2021-01-06,0.002994492692737646
ITA,2021-01-07,0.002033399971509765
ITA,2021-01-08,0.002351836023943601
ITA,2021-01-09,0.0028858937925894806
ITA,2021-01-10,0.0023433016962957063
ITA,2021-01-11,0.0015367825832916845
ITA,2021-01-12,0.0023748736785373296
ITA,2021-01-13,0.002941392072578739
ITA,2021-01-14,0.0026925049220770615
ITA,2021-01-15,0.0045858346123088005
ITA,2021-01-16,0.004382922169882817
ITA,2021-01-17,0.003539113578118641
ITA,2021-01-18,0.002660463467980544
ITA,2021-01-19,0.0042599540776045025
ITA,2021-01-20,0.004690728038173696
ITA,2021-01-21,0.004486256278515385
ITA,2021-01-22,0.004438655185799523
ITA,2021-01-23,0.004800869488702227
ITA,2021-01-24,0.003625177829231893
ITA,2021-01-25,0.002128233286198359
ITA,2021-01-26,0.004297126188400933
ITA,2021-01-27,0.004925598100436394
ITA,2021-01-28,0.00462059229642292
ITA,2021-01-29,0.004506091464384658
ITA,2021-01-30,0.004996689552748919
ITA,2021-01-31,0.003577442601700347
ITA,2021-02-01,0.0023879182893625996
ITA,2021-02-02,0.0040983048578533115
ITA,2021-02-03,0.004683099120531668
ITA,2021-02-04,0.004529430922313675
ITA,2021-02-05,0.004535550823279258
ITA,2021-02-06,0.00473507636160922
ITA,2021-02-07,0.0034672005500600523
ITA,2021-02-08,0.0024189537323414867
ITA,2021-02-09,0.0045985271192429
ITA,2021-02-10,0.005214390358604064
ITA,2021-02-11,0.004904857504561254
ITA,2021-02-12,0.004822465194027352
ITA,2021-02-13,0.004871340567492213
ITA,2021-02-14,0.0034479689708613575
ITA,2021-02-15,0.0030059276857747077
ITA,2021-02-16,0.004594436007364538
ITA,2021-02-17,0.004936345652543075
ITA,2021-02-18,0.0048365325828222125
ITA,2021-02-19,0.0049819011893197564
ITA,2021-02-20,0.005131964514366242
ITA,2021-02-21,0.004208245106158318
ITA,2021-02-22,0.0028616321578026358
ITA,2021-02-23,0.005094607968198245
POL,2020-01-22,0.0
POL,2020-01-23,0.0
POL,2020-01-24,0.0
POL,2020-01-25,0.0
POL,2020-01-26,0.0
POL,2020-01-27,0.0
POL,2020-01-28,0.0
POL,2020-01-29,0.0
POL,2020-01-30,0.0
POL,2020-01-31,0.0
POL,2020-02-01,0.0
POL,2020-02-02,0.0
POL,2020-02-03,0.0
POL,2020-02-04,0.0
POL,2020-02-05,0.0
POL,2020-02-06,0.0
POL,2020-02-07,0.0
POL,2020-02-08,0.0
POL,2020-02-09,0.0
POL,2020-02-10,0.0
POL,2020-02-11,0.0
POL,2020-02-12,0.0
POL,2020-02-13,0.0
POL,2020-02-14,0.0
POL,2020-02-15,0.0
POL,2020-02-16,0.0
POL,2020-02-17,0.0
POL,2020-02-18,0.0
POL,2020-02-19,0.0
POL,2020-02-20,0.0
POL,2020-02-21,0.0
POL,2020-02-22,0.0
POL,2020-02-23,0.0
POL,2020-02-24,0.0
POL,2020-02-25,0.0
POL,2020-02-26,0.0
POL,2020-02-27,0.0
POL,2020-02-28,0.0
POL,2020-02-29,0.0
POL,2020-03-01,0.0
POL,2020-03-02,0.0
POL,2020-03-03,0.0
POL,2020-03-04,0.0
POL,2020-03-05,0.0
POL,2020-03-06,0.0
POL,2020-03-07,0.0
POL,2020-03-08,0.0
POL,2020-03-09,0.0
POL,2020-03-10,0.0
POL,2020-03-11,0.0
POL,2020-03-12,0.0
POL,2020-03-13,0.0
POL,2020-03-14,0.0
POL,2020-03-15,0.0
POL,2020-03-16,0.0
POL,2020-03-17,0.0
POL,2020-03-18,0.0
POL,2020-03-19,0.0
POL,2020-03-20,0.0
POL,2020-03-21,0.0
POL,2020-03-22,0.0
POL,2020-03-23,0.0
POL,2020-03-24,0.0
POL,2020-03-25,0.0
POL,2020-03-26,0.0
POL,2020-03-27,0.0
POL,2020-03-28,0.0
POL,2020-03-29,0.0
POL,2020-03-30,0.0
POL,2020-03-31,0.0
POL,2020-04-01,0.0
POL,2020-04-02,0.0
POL,2020-04-03,0.0
POL,2020-04-04,0.0
POL,2020-04-05,0.0
POL,2020-04-06,0.0
POL,2020-04-07,0.0
POL,2020-04-08,0.0
POL,2020-04-09,0.0
POL,2020-04-10,0.0
POL,2020-04-11,0.0
POL,2020-04-12,0.0
POL,2020-04-13,0.0
POL,2020-04-14,0.0
POL,2020-04-15,0.0
POL,2020-04-16,0.0
POL,2020-04-17,0.0
POL,2020-04-18,0.0
POL,2020-04-19,0.0
POL,2020-04-20,0.0
POL,2020-04-21,0.0
POL,2020-04-22,0.0
POL,2020-04-23,0.0
POL,2020-04-24,0.0
POL,2020-04-25,0.0
POL,2020-04-26,0.0
POL,2020-04-27,0.0
POL,2020-04-28,0.007423625468667615
POL,2020-04-29,0.0003372662800266968
POL,2020-04-30,0.00032954725018387364
POL,2020-05-01,0.0004123226487031582
POL,2020-05-02,0.00027959748710540015
POL,2020-05-03,0.0002471670238408428
POL,2020-05-04,0.00019242250502382388
POL,2020-05-05,0.0002540166748959077
POL,2020-05-06,0.0003952775555007466
POL,2020-05-07,0.00037889108259209133
POL,2020-05-08,0.00042694401922454677
POL,2020-05-09,0.00041851367946446686
POL,2020-05-10,0.00040763327221161373
POL,2020-05-11,0.0003586319223561493
POL,2020-05-12,0.00041419313033742595
POL,2020-05-13,0.0005056359719225427
POL,2020-05-14,0.0005680995205823847
POL,2020-05-15,0.0005311640945085347
POL,2020-05-16,0.0006032171546454676
POL,2020-05-17,0.00045479048524456073
POL,2020-05-18,0.0003797868061915998
POL,2020-05-19,0.00042820857018855877
POL,2020-05-20,0.0005332716794485546
POL,2020-05-21,0.0005678887620883828
POL,2020-05-22,0.0005605385596100631
POL,2020-05-23,0.0006923416527965623
POL,2020-05-24,0.0003922479021494679
POL,2020-05-25,0.0002820475545981734
POL,2020-05-26,0.0005539260118607504
POL,2020-05-27,0.0005262112698994877
POL,2020-05-28,0.0005255789944174817
POL,2020-05-29,0.0006546949168054555
POL,2020-05-30,0.000614756182192077
POL,2020-05-31,0.00038165728782586756
POL,2020-06-01,0.00037196239710177566
POL,2020-06-02,0.00032841442327861286
POL,2020-06-03,0.0005011836987367505
POL,2020-06-04,0.0005684946927586384
POL,2020-06-05,0.0005640424195728463
POL,2020-06-06,0.000546707533441182
POL,2020-06-07,0.00041266513125591146
POL,2020-06-08,0.0003224868406348067
POL,2020-06-09,0.0003898505242801952
POL,2020-06-10,0.0005102463139788363
POL,2020-06-11,0.0004357958759726307
POL,2020-06-12,0.0005105097620963389
POL,2020-06-13,0.00041000430526913625
POL,2020-06-14,0.0004491526955300073
POL,2020-06-15,0.0002812572102456659
POL,2020-06-16,0.000432133947139346
POL,2020-06-17,0.0006054564636442389
POL,2020-06-18,0.0005507646344507204
POL,2020-06-19,0.0006202359030361289
POL,2020-06-20,0.0005174121027749043
POL,2020-06-21,0.00048029226301880243
POL,2020-06-22,0.00029087306653450705
POL,2020-06-23,0.000476235162009264
POL,2020-06-24,0.0005071639710040571
POL,2020-06-25,0.000565175246478107
POL,2020-06-26,0.00048305846825257866
POL,2020-06-27,0.0005043187313350302
POL,2020-06-28,0.0003903774205152002
POL,2020-06-29,0.00020422498068793575
POL,2020-06-30,0.00046912206283669655
POL,2020-07-01,0.0005549271147072598
POL,2020-07-02,0.0004953614953399453
POL,2020-07-03,0.0006127012868755575
POL,2020-07-04,0.0004851397083808484
POL,2020-07-05,0.00039353879792523015
POL,2020-07-06,0.0003194308424717777
POL,2020-07-07,0.00042960484521132204
POL,2020-07-08,0.00077332560411683
POL,2020-07-09,0.0004947819094814398
POL,2020-07-10,0.0005098247969908324
POL,2020-07-11,0.000862371067832674
POL,2020-07-12,0.00034761979104454494
POL,2020-07-13,0.00028212658903342414
POL,2020-07-14,0.00043806152978315214
POL,2020-07-15,0.0005247359604414737
POL,2020-07-16,0.0005273177519929982
POL,2020-07-17,0.0005418337432673858
POL,2020-07-18,0.0004986282519969762
POL,2020-07-19,0.00036766819278648494
POL,2020-07-20,0.0002658454953717698
POL,2020-07-21,0.0004257848475075358
POL,2020-07-22,0.0005178336197629083
POL,2020-07-23,0.0005528458745789901
POL,2020-07-24,0.00047678840305601924
POL,2020-07-25,0.0005271596831224966
POL,2020-07-26,0.0
POL,2020-07-27,0.0007193450848405683
POL,2020-07-28,0.0004331087051741052
POL,2020-07-29,0.0006051139810914856
POL,2020-07-30,0.0005824310981745206
POL,2020-07-31,0.000589965714335092
POL,2020-08-01,0.0005601433874338094
POL,2020-08-02,0.0004408540798286786
POL,2020-08-03,0.0002916634108870145
POL,2020-08-04,0.0004976008043387165
POL,2020-08-05,0.0007487722395655973
POL,2020-08-06,0.0005605649044218133
POL,2020-08-07,0.0006650484278233037
POL,2020-08-08,0.0007457425862143185
POL,2020-08-09,0.0005490785664987044
POL,2020-08-10,0.00037933894439184555
POL,2020-08-11,0.0005403584338093718
POL,2020-08-12,0.000618971352072117
POL,2020-08-13,0.0006632833254360369
POL,2020-08-14,0.0006794853846624405
POL,2020-08-15,0.0006251623828334256
POL,2020-08-16,0.00042162236725099635
POL,2020-08-17,0.0003366340045446908
POL,2020-08-18,0.0005238402368419652
POL,2020-08-19,0.0007306470090814255
POL,2020-08-20,0.0006492942303966544
POL,2020-08-21,0.0007552003736326582
POL,2020-08-22,0.0006531669177239411
POL,2020-08-23,0.0005001035614549903
POL,2020-08-24,0.00040391865375482856
POL,2020-08-25,0.0005791116518939891
POL,2020-08-26,0.0007458479654613195
POL,2020-08-27,0.0007142078465492696
POL,2020-08-28,0.0006528771247946883
POL,2020-08-29,0.0005552169076365126
POL,2020-08-30,0.0004940442547524328
POL,2020-08-31,0.000316401189120499
POL,2020-09-01,0.0007561751316674174
POL,2020-09-02,0.0006416015453655815
POL,2020-09-03,0.000631537827276986
POL,2020-09-04,0.0005728679315091799
POL,2020-09-05,0.0006538518828294476
POL,2020-09-06,0.0004801605389600512
POL,2020-09-07,0.00026410673779625335
POL,2020-09-08,0.00047934384979579343
POL,2020-09-09,0.0006001084668589381
POL,2020-09-10,0.00047457543886899825
POL,2020-09-11,0.0004930431519059234
POL,2020-09-12,0.0005345625752243169
POL,2020-09-13,0.0003730161895717856
POL,2020-09-14,0.0003190093254837737
POL,2020-09-15,0.00047223075062322603
POL,2020-09-16,0.0005629095926675856
POL,2020-09-17,0.0005762400674132118
POL,2020-09-18,0.0005319017492375417
POL,2020-09-19,0.0005136447946946185
POL,2020-09-20,0.0004901188778016456
POL,2020-09-21,0.00031197526074645707
POL,2020-09-22,0.0005307162327087804
POL,2020-09-23,0.0005593003534578013
POL,2020-09-24,0.0006156782506033358
POL,2020-09-25,0.0006231865219521569
POL,2020-09-26,0.000589965714335092
POL,2020-09-27,0.0004881693617321271
POL,2020-09-28,0.00033995345082522225
POL,2020-09-29,0.0005890963355473337
POL,2020-09-30,0.0006869146215760109
POL,2020-10-01,0.0007629194034754814
POL,2020-10-02,0.0006981375113816173
POL,2020-10-03,0.0007757493267978529
POL,2020-10-04,0.0006653118759408061
POL,2020-10-05,0.00046677737459092434
POL,2020-10-06,0.0006137287345338173
POL,2020-10-07,0.0008540461073195951
POL,2020-10-08,0.0011261880126996746
POL,2020-10-09,0.0008176375774807499
POL,2020-10-10,0.0009473330857272293
POL,2020-10-11,0.000797905313479813
POL,2020-10-12,0.0006383084438968003
POL,2020-10-13,0.0008530713492848358
POL,2020-10-14,0.0011250551857944137
POL,2020-10-15,0.0016390424630417857
POL,2020-10-16,0.0013014337004623355
POL,2020-10-17,0.0012541184185588872
POL,2020-10-18,0.0009187226201664581
POL,2020-10-19,0.0009348193001458607
POL,2020-10-20,0.001048497162848188
POL,2020-10-21,0.0015302383905132543
POL,2020-10-22,0.001283334814789914
POL,2020-10-23,0.001575683190782435
POL,2020-10-24,0.0014205122495734644
POL,2020-10-25,0.0013865274424156421
POL,2020-10-26,0.0012972975650175464
POL,2020-10-27,0.0016885970539440053
POL,2020-10-28,0.001558163890968519
POL,2020-10-29,0.0018166064942384686
POL,2020-10-30,0.001990587631037118
POL,2020-10-31,0.0014935137229334062
POL,2020-11-01,0.0012735345448188211
POL,2020-11-02,0.0016887287780027566
POL,2020-11-03,0.0016594070025247286
POL,2020-11-04,0.0017832803073744028
POL,2020-11-05,0.001723372205454335
POL,2020-11-06,0.0019551802040447823
POL,2020-11-07,0.0017259803418176098
POL,2020-11-08,0.0015744713294419236
POL,2020-11-09,0.0011094854020500162
POL,2020-11-10,0.0014097899111911126
POL,2020-11-11,0.0013704307624362395
POL,2020-11-12,0.0014844774525030707
POL,2020-11-13,0.0014744400792262254
POL,2020-11-14,0.001448226991534727
POL,2020-11-15,0.0011936307307803139
POL,2020-11-16,0.0008982527014365141
POL,2020-11-17,0.001078978110043227
POL,2020-11-18,0.001468170014029666
POL,2020-11-19,0.0014974654446959438
POL,2020-11-20,0.0014144529428709069
POL,2020-11-21,0.0011173888455750913
POL,2020-11-22,0.001105033128864224
POL,2020-11-23,0.0007077797124822087
POL,2020-11-24,0.0008652426523134512
POL,2020-11-25,0.0012454773203048053
POL,2020-11-26,0.0011642562656787854
POL,2020-11-27,0.0011977405214133527
POL,2020-11-28,0.0010793469374077306
POL,2020-11-29,0.000636596031133034
POL,2020-11-30,0.0006497420921964086
POL,2020-12-01,0.0009915660246558986
POL,2020-12-02,0.001082771762935263
POL,2020-12-03,0.0009813442376968016
POL,2020-12-04,0.0010421744080281283
POL,2020-12-05,0.0009180113102492014
POL,2020-12-06,0.0006105673571237873
POL,2020-12-07,0.0005003143199489922
POL,2020-12-08,0.0007697163649070457
POL,2020-12-09,0.0010631975678048276
POL,2020-12-10,0.0009883783024341184
POL,2020-12-11,0.0008755961633312993
POL,2020-12-12,0.000861001137621661
POL,2020-12-13,0.000567493589912129
POL,2020-12-14,0.0005125646574128584
POL,2020-12-15,0.0007859184241334493
POL,2020-12-16,0.0010815335567830014
POL,2020-12-17,0.0009487030159382423
POL,2020-12-18,0.0008699056839932454
POL,2020-12-19,0.000766054436073761
POL,2020-12-20,0.0005734475173676854
POL,2020-12-21,0.0004979432868914697
POL,2020-12-22,0.0007601005086182046
POL,2020-12-23,0.0008753063704020466
POL,2020-12-24,0.0009441980531289496
POL,2020-12-25,0.0005383562281163528
POL,2020-12-26,0.0003705661220790124
POL,2020-12-27,0.00032809828553760986
POL,2020-12-28,0.00042141160875699437
POL,2020-12-29,0.0008722767170507679
POL,2020-12-30,0.0009238862032695071
POL,2020-12-31,0.0010288175884707517
POL,2021-01-01,0.0012309349842186674
POL,2021-01-02,0.0007272221835538929
POL,2021-01-03,0.0007802806344188958
POL,2021-01-04,0.0006701066316793516
POL,2021-01-05,0.0012768276462876023
POL,2021-01-06,0.0013635547665694244
POL,2021-01-07,0.0014952524805089227
POL,2021-01-08,0.0013219036191922796
POL,2021-01-09,0.0015377730066738259
POL,2021-01-10,0.0011520849626501701
POL,2021-01-11,0.0004013632070150543
POL,2021-01-12,0.0013038837679551088
POL,2021-01-13,0.0019329978725510719
POL,2021-01-14,0.0020757077178021745
POL,2021-01-15,0.0019135290566676373
POL,2021-01-16,0.0018060422247266185
POL,2021-01-17,0.001442510167384923
POL,2021-01-18,0.0006545105031232038
POL,2021-01-19,0.0012532226949593787
POL,2021-01-20,0.0012607836559317004
POL,2021-01-21,0.0012295387091959041
POL,2021-01-22,0.0011711586063573509
POL,2021-01-23,0.00115840771747023
POL,2021-01-24,0.0008099712372614273
POL,2021-01-25,0.0005199412047029282
POL,2021-01-26,0.0011076939548509994
POL,2021-01-27,0.0012295387091959041
POL,2021-01-28,0.0012348603611694545
POL,2021-01-29,0.00863748901487212
POL,2021-01-30,-0.006300941315930723
POL,2021-01-31,0.0008435608722429956
POL,2021-02-01,0.0005630413167263368
POL,2021-02-02,0.0010963129961748914
POL,2021-02-03,0.0012277736068086376
POL,2021-02-04,0.0011479488272053808
POL,2021-02-05,0.0010853535544867875
POL,2021-02-06,0.0011501091017689013
POL,2021-02-07,0.0008168208883164922
POL,2021-02-08,0.0005485253254519491
POL,2021-02-09,0.0011316940783554768
POL,2021-02-10,0.0013593659415011348
POL,2021-02-11,0.001348748982365784
POL,2021-02-12,0.001271084477326048
POL,2021-02-13,0.0012907377068917343
POL,2021-02-14,0.0008991484250360225
POL,2021-02-15,0.0005890699907355835
POL,2021-02-16,0.001205038034268172
POL,2021-02-17,0.0014296802440625512
POL,2021-02-18,0.0014110017725316242
POL,2021-02-19,0.001292713567773003
POL,2021-02-20,0.0013181626559237442
POL,2021-02-21,0.000976206999405503
POL,2021-02-22,0.0
POL,2021-02-23,0.0
SWE,2020-01-22,0.0
SWE,2020-01-23,0.0
SWE,2020-01-24,0.0
SWE,2020-01-25,0.0
SWE,2020-01-26,0.0
SWE,2020-01-27,0.0
SWE,2020-01-28,0.0
SWE,2020-01-29,0.0
SWE,2020-01-30,0.0
SWE,2020-01-31,0.0
SWE,2020-02-01,0.0
SWE,2020-02-02,0.0
SWE,2020-02-03,0.0
SWE,2020-02-04,0.0
SWE,2020-02-05,0.0
SWE,2020-02-06,0.0
SWE,2020-02-07,0.0
SWE,2020-02-08,0.0
SWE,2020-02-09,0.0
SWE,2020-02-10,0.0
SWE,2020-02-11,0.0
SWE,2020-02-12,0.0
SWE,2020-02-13,0.0
SWE,2020-02-14,0.0
SWE,2020-02-15,0.0
SWE,2020-02-16,0.0
SWE,2020-02-17,0.0
SWE,2020-02-18,0.0
SWE,2020-02-19,0.0
SWE,2020-02-20,0.0
SWE,2020-02-21,0.0
SWE,2020-02-22,0.0
SWE,2020-02-23,0.0
SWE,2020-02-24,1.0360598199637883e-05
SWE,2020-02-25,1.0360598199637883e-05
SWE,2020-02-26,1.0360598199637883e-05
SWE,2020-02-27,1.0360598199637883e-05
SWE,2020-02-28,1.0360598199637883e-05
SWE,2020-02-29,1.0360598199637883e-05
SWE,2020-03-01,1.0360598199637883e-05
SWE,2020-03-02,5.945240462222112e-05
SWE,2020-03-03,5.945240462222112e-05
SWE,2020-03-04,5.945240462222112e-05
SWE,2020-03-05,5.945240462222112e-05
SWE,2020-03-06,5.945240462222112e-05
SWE,2020-03-07,5.945240462222112e-05
SWE,2020-03-08,5.945240462222112e-05
SWE,2020-03-09,0.0001243271783956546
SWE,2020-03-10,0.0001243271783956546
SWE,2020-03-11,0.0001243271783956546
SWE,2020-03-12,0.0001243271783956546
SWE,2020-03-13,0.0001243271783956546
SWE,2020-03-14,0.0001243271783956546
SWE,2020-03-15,0.0001243271783956546
SWE,2020-03-16,0.000143886438548242
SWE,2020-03-17,0.000143886438548242
SWE,2020-03-18,0.000143886438548242
SWE,2020-03-19,0.000143886438548242
SWE,2020-03-20,0.000143886438548242
SWE,2020-03-21,0.000143886438548242
SWE,2020-03-22,0.000143886438548242
SWE,2020-03-23,0.00017080462826318902
SWE,2020-03-24,0.00017080462826318902
SWE,2020-03-25,0.00017080462826318902
SWE,2020-03-26,0.00017080462826318902
SWE,2020-03-27,0.00017080462826318902
SWE,2020-03-28,0.00017080462826318902
SWE,2020-03-29,0.00017080462826318902
SWE,2020-03-30,0.00024584634419514567
SWE,2020-03-31,0.00024584634419514567
SWE,2020-04-01,0.00024584634419514567
SWE,2020-04-02,0.00024584634419514567
SWE,2020-04-03,0.00024584634419514567
SWE,2020-04-04,0.00024584634419514567
SWE,2020-04-05,0.00024584634419514567
SWE,2020-04-06,0.000274991578382912
SWE,2020-04-07,0.000274991578382912
SWE,2020-04-08,0.000274991578382912
SWE,2020-04-09,0.000274991578382912
SWE,2020-04-10,0.000274991578382912
SWE,2020-04-11,0.000274991578382912
SWE,2020-04-12,0.000274991578382912
SWE,2020-04-13,0.0002772186228557314
SWE,2020-04-14,0.0002772186228557314
SWE,2020-04-15,0.0002772186228557314
SWE,2020-04-16,0.0002772186228557314
SWE,2020-04-17,0.0002772186228557314
SWE,2020-04-18,0.0002772186228557314
SWE,2020-04-19,0.0002772186228557314
SWE,2020-04-20,0.00033609005935460835
SWE,2020-04-21,0.00033609005935460835
SWE,2020-04-22,0.00033609005935460835
SWE,2020-04-23,0.00033609005935460835
SWE,2020-04-24,0.00033609005935460835
SWE,2020-04-25,0.00033609005935460835
SWE,2020-04-26,0.00033609005935460835
SWE,2020-04-27,0.00040106166114859917
SWE,2020-04-28,0.00040106166114859917
SWE,2020-04-29,0.00040106166114859917
SWE,2020-04-30,0.00040106166114859917
SWE,2020-05-01,0.00040106166114859917
SWE,2020-05-02,0.00040106166114859917
SWE,2020-05-03,0.00040106166114859917
SWE,2020-05-04,0.0004009648331280418
SWE,2020-05-05,0.0004009648331280418
SWE,2020-05-06,0.0004009648331280418
SWE,2020-05-07,0.0004009648331280418
SWE,2020-05-08,0.0004009648331280418
SWE,2020-05-09,0.0004009648331280418
SWE,2020-05-10,0.0004009648331280418
SWE,2020-05-11,0.00045179954392065755
SWE,2020-05-12,0.00045179954392065755
SWE,2020-05-13,0.00045179954392065755
SWE,2020-05-14,0.00045179954392065755
SWE,2020-05-15,0.00045179954392065755
SWE,2020-05-16,0.00045179954392065755
SWE,2020-05-17,0.00045179954392065755
SWE,2020-05-18,0.0003982536485524356
SWE,2020-05-19,0.0003982536485524356
SWE,2020-05-20,0.0003982536485524356
SWE,2020-05-21,0.0003982536485524356
SWE,2020-05-22,0.0003982536485524356
SWE,2020-05-23,0.0003982536485524356
SWE,2020-05-24,0.0003982536485524356
SWE,2020-05-25,0.0005043771590833059
SWE,2020-05-26,0.0005043771590833059
SWE,2020-05-27,0.0005043771590833059
SWE,2020-05-28,0.0005043771590833059
SWE,2020-05-29,0.0005043771590833059
SWE,2020-05-30,0.0005043771590833059
SWE,2020-05-31,0.0005043771590833059
SWE,2020-06-01,0.0006800231883743631
SWE,2020-06-02,0.0006800231883743631
SWE,2020-06-03,0.0006800231883743631
SWE,2020-06-04,0.0006800231883743631
SWE,2020-06-05,0.0006800231883743631
SWE,2020-06-06,0.0006800231883743631
SWE,2020-06-07,0.0006800231883743631
SWE,2020-06-08,0.0008393052821912258
SWE,2020-06-09,0.0008393052821912258
SWE,2020-06-10,0.0008393052821912258
SWE,2020-06-11,0.0008393052821912258
SWE,2020-06-12,0.0008393052821912258
SWE,2020-06-13,0.0008393052821912258
SWE,2020-06-14,0.0008393052821912258
SWE,2020-06-15,0.0008548945935009614
SWE,2020-06-16,0.0008548945935009614
SWE,2020-06-17,0.0008548945935009614
SWE,2020-06-18,0.0008548945935009614
SWE,2020-06-19,0.0008548945935009614
SWE,2020-06-20,0.0008548945935009614
SWE,2020-06-21,0.0008548945935009614
SWE,2020-06-22,0.001039739284744968
SWE,2020-06-23,0.001039739284744968
SWE,2020-06-24,0.001039739284744968
SWE,2020-06-25,0.001039739284744968
SWE,2020-06-26,0.001039739284744968
SWE,2020-06-27,0.001039739284744968
SWE,2020-06-28,0.001039739284744968
SWE,2020-06-29,0.0010739195760017172
SWE,2020-06-30,0.0010739195760017172
SWE,2020-07-01,0.0010739195760017172
SWE,2020-07-02,0.0010739195760017172
SWE,2020-07-03,0.0010739195760017172
SWE,2020-07-04,0.0010739195760017172
SWE,2020-07-05,0.0010739195760017172
SWE,2020-07-06,0.0011314354202127913
SWE,2020-07-07,0.0011314354202127913
SWE,2020-07-08,0.0011314354202127913
SWE,2020-07-09,0.0011314354202127913
SWE,2020-07-10,0.0011314354202127913
SWE,2020-07-11,0.0011314354202127913
SWE,2020-07-12,0.0011314354202127913
SWE,2020-07-13,0.0009598561677851432
SWE,2020-07-14,0.0009598561677851432
SWE,2020-07-15,0.0009598561677851432
SWE,2020-07-16,0.0009598561677851432
SWE,2020-07-17,0.0009598561677851432
SWE,2020-07-18,0.0009598561677851432
SWE,2020-07-19,0.0009598561677851432
SWE,2020-07-20,0.0008180999456891632
SWE,2020-07-21,0.0008180999456891632
SWE,2020-07-22,0.0008180999456891632
SWE,2020-07-23,0.0008180999456891632
SWE,2020-07-24,0.0008180999456891632
SWE,2020-07-25,0.0008180999456891632
SWE,2020-07-26,0.0008180999456891632
SWE,2020-07-27,0.000732503975516454
SWE,2020-07-28,0.000732503975516454
SWE,2020-07-29,0.000732503975516454
SWE,2020-07-30,0.000732503975516454
SWE,2020-07-31,0.000732503975516454
SWE,2020-08-01,0.000732503975516454
SWE,2020-08-02,0.000732503975516454
SWE,2020-08-03,0.0007430582297572066
SWE,2020-08-04,0.0007430582297572066
SWE,2020-08-05,0.0007430582297572066
SWE,2020-08-06,0.0007430582297572066
SWE,2020-08-07,0.0007430582297572066
SWE,2020-08-08,0.0007430582297572066
SWE,2020-08-09,0.0007430582297572066
SWE,2020-08-10,0.0007813052978773652
SWE,2020-08-11,0.0007813052978773652
SWE,2020-08-12,0.0007813052978773652
SWE,2020-08-13,0.0007813052978773652
SWE,2020-08-14,0.0007813052978773652
SWE,2020-08-15,0.0007813052978773652
SWE,2020-08-16,0.0007813052978773652
SWE,2020-08-17,0.0009066007564785934
SWE,2020-08-18,0.0009066007564785934
SWE,2020-08-19,0.0009066007564785934
SWE,2020-08-20,0.0009066007564785934
SWE,2020-08-21,0.0009066007564785934
SWE,2020-08-22,0.0009066007564785934
SWE,2020-08-23,0.0009066007564785934
SWE,2020-08-24,0.0011765572777925224
SWE,2020-08-25,0.0011765572777925224
SWE,2020-08-26,0.0011765572777925224
SWE,2020-08-27,0.0011765572777925224
SWE,2020-08-28,0.0011765572777925224
SWE,2020-08-29,0.0011765572777925224
SWE,2020-08-30,0.0011765572777925224
SWE,2020-08-31,0.0017459060386698193
SWE,2020-09-01,0.0017459060386698193
SWE,2020-09-02,0.0017459060386698193
SWE,2020-09-03,0.0017459060386698193
SWE,2020-09-04,0.0017459060386698193
SWE,2020-09-05,0.0017459060386698193
SWE,2020-09-06,0.0017459060386698193
SWE,2020-09-07,0.001973451886979623
SWE,2020-09-08,0.001973451886979623
SWE,2020-09-09,0.001973451886979623
SWE,2020-09-10,0.001973451886979623
SWE,2020-09-11,0.001973451886979623
SWE,2020-09-12,0.001973451886979623
SWE,2020-09-13,0.001973451886979623
SWE,2020-09-14,0.0019292014815849082
SWE,2020-09-15,0.0019292014815849082
SWE,2020-09-16,0.0019292014815849082
SWE,2020-09-17,0.0019292014815849082
SWE,2020-09-18,0.0019292014815849082
SWE,2020-09-19,0.0019292014815849082
SWE,2020-09-20,0.0019292014815849082
SWE,2020-09-21,0.0017823133743993878
SWE,2020-09-22,0.0017823133743993878
SWE,2020-09-23,0.0017823133743993878
SWE,2020-09-24,0.0017823133743993878
SWE,2020-09-25,0.0017823133743993878
SWE,2020-09-26,0.0017823133743993878
SWE,2020-09-27,0.0017823133743993878
SWE,2020-09-28,0.0017693384196447012
SWE,2020-09-29,0.0017693384196447012
SWE,2020-09-30,0.0017693384196447012
SWE,2020-10-01,0.0017693384196447012
SWE,2020-10-02,0.0017693384196447012
SWE,2020-10-03,0.0017693384196447012
SWE,2020-10-04,0.0017693384196447012
SWE,2020-10-05,0.0018964736106365193
SWE,2020-10-06,0.0018964736106365193
SWE,2020-10-07,0.0018964736106365193
SWE,2020-10-08,0.0018964736106365193
SWE,2020-10-09,0.0018964736106365193
SWE,2020-10-10,0.0018964736106365193
SWE,2020-10-11,0.0018964736106365193
SWE,2020-10-12,0.002050914303425514
SWE,2020-10-13,0.002050914303425514
SWE,2020-10-14,0.002050914303425514
SWE,2020-10-15,0.002050914303425514
SWE,2020-10-16,0.002050914303425514
SWE,2020-10-17,0.002050914303425514
SWE,2020-10-18,0.002050914303425514
SWE,2020-10-19,0.00227875063579699
SWE,2020-10-20,0.00227875063579699
SWE,2020-10-21,0.00227875063579699
SWE,2020-10-22,0.00227875063579699
SWE,2020-10-23,0.00227875063579699
SWE,2020-10-24,0.00227875063579699
SWE,2020-10-25,0.00227875063579699
SWE,2020-10-26,0.002618520159932778
SWE,2020-10-27,0.002618520159932778
SWE,2020-10-28,0.002618520159932778
SWE,2020-10-29,0.002618520159932778
SWE,2020-10-30,0.002618520159932778
SWE,2020-10-31,0.002618520159932778
SWE,2020-11-01,0.002618520159932778
SWE,2020-11-02,0.0031540759416355552
SWE,2020-11-03,0.0031540759416355552
SWE,2020-11-04,0.0031540759416355552
SWE,2020-11-05,0.0031540759416355552
SWE,2020-11-06,0.0031540759416355552
SWE,2020-11-07,0.0031540759416355552
SWE,2020-11-08,0.0031540759416355552
SWE,2020-11-09,0.00351747150278734
SWE,2020-11-10,0.00351747150278734
SWE,2020-11-11,0.00351747150278734
SWE,2020-11-12,0.00351747150278734
SWE,2020-11-13,0.00351747150278734
SWE,2020-11-14,0.00351747150278734
SWE,2020-11-15,0.00351747150278734
SWE,2020-11-16,0.003606262797638442
SWE,2020-11-17,0.003606262797638442
SWE,2020-11-18,0.003606262797638442
SWE,2020-11-19,0.003606262797638442
SWE,2020-11-20,0.003606262797638442
SWE,2020-11-21,0.003606262797638442
SWE,2020-11-22,0.003606262797638442
SWE,2020-11-23,0.0038137652456928716
SWE,2020-11-24,0.0038137652456928716
SWE,2020-11-25,0.0038137652456928716
SWE,2020-11-26,0.0038137652456928716
SWE,2020-11-27,0.0038137652456928716
SWE,2020-11-28,0.0038137652456928716
SWE,2020-11-29,0.0038137652456928716
SWE,2020-11-30,0.0036134280711596868
SWE,2020-12-01,0.0036134280711596868
SWE,2020-12-02,0.0036134280711596868
SWE,2020-12-03,0.0036134280711596868
SWE,2020-12-04,0.0036134280711596868
SWE,2020-12-05,0.0036134280711596868
SWE,2020-12-06,0.0036134280711596868
SWE,2020-12-07,0.0037478253636933074
SWE,2020-12-08,0.0037478253636933074
SWE,2020-12-09,0.0037478253636933074
SWE,2020-12-10,0.0037478253636933074
SWE,2020-12-11,0.0037478253636933074
SWE,2020-12-12,0.0037478253636933074
SWE,2020-12-13,0.0037478253636933074
SWE,2020-12-14,0.004142109063402891
SWE,2020-12-15,0.004142109063402891
SWE,2020-12-16,0.004142109063402891
SWE,2020-12-17,0.004142109063402891
SWE,2020-12-18,0.004142109063402891
SWE,2020-12-19,0.004142109063402891
SWE,2020-12-20,0.004142109063402891
SWE,2020-12-21,0.0032107203336616125
SWE,2020-12-22,0.0032107203336616125
SWE,2020-12-23,0.0032107203336616125
SWE,2020-12-24,0.0032107203336616125
SWE,2020-12-25,0.0032107203336616125
SWE,2020-12-26,0.0032107203336616125
SWE,2020-12-27,0.0032107203336616125
SWE,2020-12-28,0.0027483665355002023
SWE,2020-12-29,0.0027483665355002023
SWE,2020-12-30,0.0027483665355002023
SWE,2020-12-31,0.0027483665355002023
SWE,2021-01-01,0.0027483665355002023
SWE,2021-01-02,0.0027483665355002023
SWE,2021-01-03,0.0027483665355002023
SWE,2021-01-04,0.002869304733176349
SWE,2021-01-05,0.002869304733176349
SWE,2021-01-06,0.002869304733176349
SWE,2021-01-07,0.002869304733176349
SWE,2021-01-08,0.002869304733176349
SWE,2021-01-09,0.002869304733176349
SWE,2021-01-10,0.002869304733176349
SWE,2021-01-11,0.0027781895658318704
SWE,2021-01-12,0.0027781895658318704
SWE,2021-01-13,0.0027781895658318704
SWE,2021-01-14,0.0027781895658318704
SWE,2021-01-15,0.0027781895658318704
SWE,2021-01-16,0.0027781895658318704
SWE,2021-01-17,0.0027781895658318704
SWE,2021-01-18,0.0026722597113421147
SWE,2021-01-19,0.0026722597113421147
SWE,2021-01-20,0.0026722597113421147
SWE,2021-01-21,0.0026722597113421147
SWE,2021-01-22,0.0026722597113421147
SWE,2021-01-23,0.0026722597113421147
SWE,2021-01-24,0.0026722597113421147
SWE,2021-01-25,0.0026751645519588357
SWE,2021-01-26,0.0026751645519588357
SWE,2021-01-27,0.0026751645519588357
SWE,2021-01-28,0.0026751645519588357
SWE,2021-01-29,0.0026751645519588357
SWE,2021-01-30,0.0026751645519588357
SWE,2021-01-31,0.0026751645519588357
SWE,2021-02-01,0.002732583568149352
SWE,2021-02-02,0.002732583568149352
SWE,2021-02-03,0.002732583568149352
SWE,2021-02-04,0.002732583568149352
SWE,2021-02-05,0.002732583568149352
SWE,2021-02-06,0.002732583568149352
SWE,2021-02-07,0.002732583568149352
SWE,2021-02-08,0.002895932438829624
SWE,2021-02-09,0.002895932438829624
SWE,2021-02-10,0.002895932438829624
SWE,2021-02-11,0.002895932438829624
SWE,2021-02-12,0.002895932438829624
SWE,2021-02-13,0.002895932438829624
SWE,2021-02-14,0.002895932438829624
SWE,2021-02-15,0.002895932438829624
SWE,2021-02-16,0.002895932438829624
SWE,2021-02-17,0.002895932438829624
SWE,2021-02-18,0.002895932438829624
SWE,2021-02-19,0.002895932438829624
SWE,2021-02-20,0.002895932438829624
SWE,2021-02-21,0.002895932438829624
SWE,2021-02-22,0.002895932438829624
SWE,2021-02-23,0.002895932438829624
