year,week,region,deaths,confirmed,tests,date
2020,16,SE221,0.0,1.0,0.0,2020-04-20
2020,16,SE322,9.0,81.0,3.0,2020-04-20
2020,16,SE211,13.0,153.0,0.0,2020-04-20
2020,16,SE213,3.0,28.0,6.0,2020-04-20
2020,16,SE212,8.0,75.0,0.0,2020-04-20
2020,16,SE332,11.0,55.0,1.0,2020-04-20
2020,16,SE224,25.0,100.0,31.0,2020-04-20
2020,16,SE214,0.0,3.0,2.0,2020-04-20
2020,16,SE110,316.0,1409.0,11.0,2020-04-20
2020,16,SE121,24.0,200.0,16.0,2020-04-20
2020,16,SE331,5.0,56.0,8.0,2020-04-20
2020,16,SE312,24.0,138.0,1.0,2020-04-20
2020,16,SE125,46.0,165.0,9.0,2020-04-20
2020,16,SE232,71.0,421.0,26.0,2020-04-20
2020,16,SE123,30.0,201.0,18.0,2020-04-20
2020,16,SE231,10.0,52.0,7.0,2020-04-20
2020,17,SE232,65.0,611.0,53.0,2020-04-27
2020,17,SE312,23.0,198.0,1.0,2020-04-27
2020,17,SE125,18.0,171.0,16.0,2020-04-27
2020,17,SE224,12.0,131.0,42.0,2020-04-27
2020,17,SE332,6.0,41.0,1.0,2020-04-27
2020,17,SE212,8.0,88.0,2.0,2020-04-27
2020,17,SE231,5.0,88.0,7.0,2020-04-27
2020,17,SE214,0.0,12.0,4.0,2020-04-27
2020,17,SE213,4.0,43.0,14.0,2020-04-27
2020,17,SE121,19.0,212.0,17.0,2020-04-27
2020,17,SE110,264.0,1430.0,21.0,2020-04-27
2020,17,SE123,29.0,186.0,9.0,2020-04-27
2020,17,SE322,1.0,63.0,9.0,2020-04-27
2020,17,SE221,0.0,21.0,0.0,2020-04-27
2020,17,SE211,17.0,182.0,2.0,2020-04-27
2020,17,SE331,3.0,59.0,9.0,2020-04-27
2020,18,SE211,23.0,160.0,5.0,2020-05-04
2020,18,SE231,8.0,58.0,5.0,2020-05-04
2020,18,SE312,17.0,115.0,4.0,2020-05-04
2020,18,SE224,23.0,181.0,20.0,2020-05-04
2020,18,SE123,26.0,133.0,21.0,2020-05-04
2020,18,SE125,14.0,120.0,27.0,2020-05-04
2020,18,SE110,237.0,1265.0,13.0,2020-05-04
2020,18,SE331,1.0,35.0,4.0,2020-05-04
2020,18,SE212,8.0,91.0,0.0,2020-05-04
2020,18,SE213,7.0,40.0,7.0,2020-05-04
2020,18,SE322,4.0,81.0,2.0,2020-05-04
2020,18,SE232,77.0,623.0,34.0,2020-05-04
2020,18,SE221,0.0,10.0,0.0,2020-05-04
2020,18,SE121,27.0,188.0,14.0,2020-05-04
2020,18,SE332,5.0,36.0,3.0,2020-05-04
2020,18,SE214,2.0,22.0,4.0,2020-05-04
2020,19,SE121,20.0,248.0,32.0,2020-05-11
2020,19,SE212,13.0,147.0,1.0,2020-05-11
2020,19,SE224,29.0,200.0,38.0,2020-05-11
2020,19,SE332,4.0,30.0,8.0,2020-05-11
2020,19,SE213,8.0,43.0,26.0,2020-05-11
2020,19,SE221,0.0,11.0,0.0,2020-05-11
2020,19,SE211,21.0,156.0,11.0,2020-05-11
2020,19,SE322,3.0,80.0,4.0,2020-05-11
2020,19,SE231,7.0,93.0,5.0,2020-05-11
2020,19,SE214,0.0,10.0,3.0,2020-05-11
2020,19,SE331,2.0,35.0,2.0,2020-05-11
2020,19,SE110,188.0,1206.0,23.0,2020-05-11
2020,19,SE123,18.0,130.0,11.0,2020-05-11
2020,19,SE312,14.0,164.0,5.0,2020-05-11
2020,19,SE125,13.0,83.0,22.0,2020-05-11
2020,19,SE232,102.0,851.0,47.0,2020-05-11
2020,20,SE332,0.0,38.0,10.0,2020-05-18
2020,20,SE214,0.0,3.0,2.0,2020-05-18
2020,20,SE224,19.0,198.0,26.0,2020-05-18
2020,20,SE125,10.0,116.0,19.0,2020-05-18
2020,20,SE212,9.0,129.0,2.0,2020-05-18
2020,20,SE221,1.0,18.0,0.0,2020-05-18
2020,20,SE213,6.0,30.0,24.0,2020-05-18
2020,20,SE232,75.0,828.0,29.0,2020-05-18
2020,20,SE211,18.0,168.0,1.0,2020-05-18
2020,20,SE322,8.0,102.0,2.0,2020-05-18
2020,20,SE231,5.0,77.0,9.0,2020-05-18
2020,20,SE312,8.0,85.0,4.0,2020-05-18
2020,20,SE110,142.0,1135.0,26.0,2020-05-18
2020,20,SE123,14.0,130.0,10.0,2020-05-18
2020,20,SE121,16.0,180.0,10.0,2020-05-18
2020,20,SE331,3.0,52.0,2.0,2020-05-18
2020,21,SE232,75.0,732.0,26.0,2020-05-25
2020,21,SE214,3.0,5.0,1.0,2020-05-25
2020,21,SE211,8.0,162.0,1.0,2020-05-25
2020,21,SE224,32.0,233.0,11.0,2020-05-25
2020,21,SE212,12.0,115.0,0.0,2020-05-25
2020,21,SE221,1.0,44.0,0.0,2020-05-25
2020,21,SE121,17.0,195.0,11.0,2020-05-25
2020,21,SE213,5.0,24.0,16.0,2020-05-25
2020,21,SE110,106.0,902.0,23.0,2020-05-25
2020,21,SE125,7.0,115.0,10.0,2020-05-25
2020,21,SE231,2.0,101.0,1.0,2020-05-25
2020,21,SE331,4.0,49.0,2.0,2020-05-25
2020,21,SE332,3.0,22.0,2.0,2020-05-25
2020,21,SE312,8.0,84.0,2.0,2020-05-25
2020,21,SE322,6.0,97.0,3.0,2020-05-25
2020,21,SE123,16.0,155.0,5.0,2020-05-25
2020,22,SE125,8.0,144.0,1095.0,2020-06-01
2020,22,SE332,6.0,56.0,1091.0,2020-06-01
2020,22,SE311,4.0,126.0,804.0,2020-06-01
2020,22,SE312,4.0,83.0,875.0,2020-06-01
2020,22,SE313,9.0,165.0,1351.0,2020-06-01
2020,22,SE211,9.0,224.0,1301.0,2020-06-01
2020,22,SE232,54.0,873.0,6763.0,2020-06-01
2020,22,SE322,3.0,94.0,1130.0,2020-06-01
2020,22,SE124,10.0,119.0,1231.0,2020-06-01
2020,22,SE231,2.0,125.0,900.0,2020-06-01
2020,22,SE123,8.0,65.0,1047.0,2020-06-01
2020,22,SE331,2.0,35.0,1051.0,2020-06-01
2020,22,SE213,5.0,73.0,690.0,2020-06-01
2020,22,SE221,1.0,68.0,471.0,2020-06-01
2020,22,SE212,10.0,105.0,650.0,2020-06-01
2020,22,SE214,0.0,11.0,202.0,2020-06-01
2020,22,SE122,8.0,89.0,713.0,2020-06-01
2020,22,SE321,7.0,135.0,1137.0,2020-06-01
2020,22,SE110,86.0,1191.0,9132.0,2020-06-01
2020,22,SE224,24.0,254.0,3286.0,2020-06-01
2020,22,SE121,12.0,245.0,1466.0,2020-06-01
2020,23,SE311,10.0,110.0,901.0,2020-06-08
2020,23,SE213,2.0,56.0,787.0,2020-06-08
2020,23,SE221,1.0,82.0,711.0,2020-06-08
2020,23,SE313,7.0,231.0,1470.0,2020-06-08
2020,23,SE321,6.0,154.0,1278.0,2020-06-08
2020,23,SE123,12.0,287.0,1553.0,2020-06-08
2020,23,SE232,55.0,2140.0,13952.0,2020-06-08
2020,23,SE125,6.0,173.0,1382.0,2020-06-08
2020,23,SE110,81.0,1203.0,10685.0,2020-06-08
2020,23,SE124,5.0,180.0,1273.0,2020-06-08
2020,23,SE231,4.0,136.0,1165.0,2020-06-08
2020,23,SE122,5.0,97.0,773.0,2020-06-08
2020,23,SE211,6.0,218.0,1452.0,2020-06-08
2020,23,SE322,5.0,81.0,1070.0,2020-06-08
2020,23,SE331,3.0,35.0,1254.0,2020-06-08
2020,23,SE312,3.0,99.0,984.0,2020-06-08
2020,23,SE212,9.0,81.0,983.0,2020-06-08
2020,23,SE332,6.0,88.0,1422.0,2020-06-08
2020,23,SE224,13.0,251.0,4083.0,2020-06-08
2020,23,SE121,7.0,309.0,1605.0,2020-06-08
2020,23,SE214,0.0,10.0,319.0,2020-06-08
2020,24,SE121,20.0,247.0,4.0,2020-06-15
2020,24,SE231,4.0,152.0,1.0,2020-06-15
2020,24,SE110,53.0,1375.0,5.0,2020-06-15
2020,24,SE332,5.0,182.0,0.0,2020-06-15
2020,24,SE331,0.0,40.0,0.0,2020-06-15
2020,24,SE322,6.0,74.0,0.0,2020-06-15
2020,24,SE232,50.0,2444.0,12.0,2020-06-15
2020,24,SE224,19.0,303.0,4.0,2020-06-15
2020,24,SE211,9.0,636.0,0.0,2020-06-15
2020,24,SE221,5.0,82.0,0.0,2020-06-15
2020,24,SE212,5.0,73.0,0.0,2020-06-15
2020,24,SE125,6.0,282.0,8.0,2020-06-15
2020,24,SE213,2.0,71.0,12.0,2020-06-15
2020,24,SE312,5.0,75.0,0.0,2020-06-15
2020,24,SE123,11.0,279.0,0.0,2020-06-15
2020,24,SE214,0.0,21.0,1.0,2020-06-15
2020,25,SE232,43.0,1828.0,17.0,2020-06-22
2020,25,SE221,2.0,38.0,0.0,2020-06-22
2020,25,SE121,12.0,317.0,1.0,2020-06-22
2020,25,SE110,44.0,1730.0,1.0,2020-06-22
2020,25,SE125,7.0,268.0,5.0,2020-06-22
2020,25,SE231,6.0,122.0,4.0,2020-06-22
2020,25,SE332,7.0,256.0,0.0,2020-06-22
2020,25,SE214,0.0,20.0,0.0,2020-06-22
2020,25,SE213,6.0,71.0,5.0,2020-06-22
2020,25,SE211,7.0,767.0,0.0,2020-06-22
2020,25,SE312,2.0,60.0,1.0,2020-06-22
2020,25,SE123,5.0,312.0,0.0,2020-06-22
2020,25,SE322,6.0,88.0,0.0,2020-06-22
2020,25,SE224,11.0,412.0,5.0,2020-06-22
2020,25,SE331,1.0,51.0,0.0,2020-06-22
2020,25,SE212,4.0,34.0,0.0,2020-06-22
2020,26,SE211,7.0,786.0,0.0,2020-06-29
2020,26,SE110,31.0,1609.0,0.0,2020-06-29
2020,26,SE125,4.0,212.0,5.0,2020-06-29
2020,26,SE332,2.0,341.0,1.0,2020-06-29
2020,26,SE331,0.0,61.0,3.0,2020-06-29
2020,26,SE231,4.0,240.0,8.0,2020-06-29
2020,26,SE123,5.0,316.0,0.0,2020-06-29
2020,26,SE213,2.0,63.0,2.0,2020-06-29
2020,26,SE232,28.0,1935.0,5.0,2020-06-29
2020,26,SE322,3.0,54.0,1.0,2020-06-29
2020,26,SE121,7.0,400.0,0.0,2020-06-29
2020,26,SE212,5.0,25.0,0.0,2020-06-29
2020,26,SE224,9.0,310.0,3.0,2020-06-29
2020,26,SE312,1.0,167.0,0.0,2020-06-29
2020,26,SE221,1.0,27.0,0.0,2020-06-29
2020,26,SE214,0.0,27.0,0.0,2020-06-29
2020,27,SE212,2.0,10.0,544.0,2020-07-06
2020,27,SE125,4.0,177.0,2617.0,2020-07-06
2020,27,SE311,2.0,45.0,1504.0,2020-07-06
2020,27,SE213,4.0,85.0,1916.0,2020-07-06
2020,27,SE313,5.0,231.0,2673.0,2020-07-06
2020,27,SE123,6.0,184.0,2299.0,2020-07-06
2020,27,SE232,15.0,914.0,17964.0,2020-07-06
2020,27,SE331,0.0,34.0,1192.0,2020-07-06
2020,27,SE122,2.0,73.0,1261.0,2020-07-06
2020,27,SE321,4.0,162.0,1656.0,2020-07-06
2020,27,SE214,0.0,13.0,648.0,2020-07-06
2020,27,SE322,3.0,37.0,1295.0,2020-07-06
2020,27,SE231,2.0,163.0,3266.0,2020-07-06
2020,27,SE221,0.0,16.0,401.0,2020-07-06
2020,27,SE121,8.0,184.0,3093.0,2020-07-06
2020,27,SE124,3.0,66.0,1478.0,2020-07-06
2020,27,SE332,3.0,110.0,4704.0,2020-07-06
2020,27,SE110,23.0,1130.0,18461.0,2020-07-06
2020,27,SE224,7.0,128.0,5191.0,2020-07-06
2020,27,SE211,4.0,339.0,4349.0,2020-07-06
2020,27,SE312,1.0,178.0,2610.0,2020-07-06
2020,28,SE312,5.0,58.0,1649.0,2020-07-13
2020,28,SE121,4.0,61.0,3486.0,2020-07-13
2020,28,SE331,0.0,13.0,1313.0,2020-07-13
2020,28,SE332,6.0,101.0,3052.0,2020-07-13
2020,28,SE224,2.0,124.0,7284.0,2020-07-13
2020,28,SE122,1.0,67.0,1395.0,2020-07-13
2020,28,SE212,1.0,19.0,671.0,2020-07-13
2020,28,SE125,3.0,100.0,2444.0,2020-07-13
2020,28,SE322,0.0,21.0,1755.0,2020-07-13
2020,28,SE211,4.0,177.0,3489.0,2020-07-13
2020,28,SE110,11.0,482.0,16875.0,2020-07-13
2020,28,SE124,1.0,47.0,1531.0,2020-07-13
2020,28,SE221,0.0,11.0,700.0,2020-07-13
2020,28,SE231,2.0,56.0,2678.0,2020-07-13
2020,28,SE321,7.0,118.0,1984.0,2020-07-13
2020,28,SE313,8.0,232.0,2788.0,2020-07-13
2020,28,SE214,0.0,14.0,801.0,2020-07-13
2020,28,SE123,1.0,60.0,2158.0,2020-07-13
2020,28,SE213,2.0,34.0,1558.0,2020-07-13
2020,28,SE232,23.0,364.0,20874.0,2020-07-13
2020,28,SE311,3.0,20.0,1962.0,2020-07-13
2020,29,SE214,0.0,19.0,699.0,2020-07-20
2020,29,SE110,6.0,395.0,14243.0,2020-07-20
2020,29,SE122,6.0,45.0,1164.0,2020-07-20
2020,29,SE322,0.0,22.0,1321.0,2020-07-20
2020,29,SE121,0.0,60.0,2881.0,2020-07-20
2020,29,SE224,3.0,154.0,6570.0,2020-07-20
2020,29,SE123,1.0,51.0,1943.0,2020-07-20
2020,29,SE221,0.0,8.0,304.0,2020-07-20
2020,29,SE332,3.0,45.0,2211.0,2020-07-20
2020,29,SE211,0.0,105.0,2652.0,2020-07-20
2020,29,SE312,6.0,52.0,1868.0,2020-07-20
2020,29,SE331,0.0,24.0,2636.0,2020-07-20
2020,29,SE212,0.0,27.0,815.0,2020-07-20
2020,29,SE124,1.0,28.0,1265.0,2020-07-20
2020,29,SE321,3.0,70.0,2014.0,2020-07-20
2020,29,SE213,1.0,14.0,1474.0,2020-07-20
2020,29,SE311,1.0,9.0,1612.0,2020-07-20
2020,29,SE125,1.0,50.0,2131.0,2020-07-20
2020,29,SE232,20.0,320.0,13842.0,2020-07-20
2020,29,SE313,4.0,89.0,3044.0,2020-07-20
2020,29,SE231,1.0,35.0,2513.0,2020-07-20
2020,30,SE332,5.0,39.0,1961.0,2020-07-27
2020,30,SE213,0.0,17.0,1298.0,2020-07-27
2020,30,SE212,1.0,19.0,594.0,2020-07-27
2020,30,SE214,0.0,24.0,772.0,2020-07-27
2020,30,SE211,0.0,60.0,2120.0,2020-07-27
2020,30,SE122,0.0,18.0,1102.0,2020-07-27
2020,30,SE121,0.0,22.0,1810.0,2020-07-27
2020,30,SE311,1.0,15.0,1416.0,2020-07-27
2020,30,SE125,1.0,35.0,2084.0,2020-07-27
2020,30,SE224,1.0,141.0,6783.0,2020-07-27
2020,30,SE331,0.0,8.0,2577.0,2020-07-27
2020,30,SE312,1.0,30.0,2149.0,2020-07-27
2020,30,SE232,6.0,336.0,10993.0,2020-07-27
2020,30,SE231,0.0,31.0,2563.0,2020-07-27
2020,30,SE123,0.0,26.0,1586.0,2020-07-27
2020,30,SE321,3.0,59.0,1610.0,2020-07-27
2020,30,SE124,0.0,22.0,1190.0,2020-07-27
2020,30,SE313,4.0,63.0,2506.0,2020-07-27
2020,30,SE322,0.0,19.0,1215.0,2020-07-27
2020,30,SE221,0.0,3.0,531.0,2020-07-27
2020,30,SE110,7.0,329.0,11572.0,2020-07-27
2020,31,SE232,3.0,583.0,9772.0,2020-08-03
2020,31,SE125,1.0,39.0,2053.0,2020-08-03
2020,31,SE124,0.0,40.0,1139.0,2020-08-03
2020,31,SE321,1.0,37.0,1565.0,2020-08-03
2020,31,SE211,1.0,63.0,2171.0,2020-08-03
2020,31,SE224,0.0,155.0,5977.0,2020-08-03
2020,31,SE331,0.0,18.0,1970.0,2020-08-03
2020,31,SE123,0.0,43.0,1586.0,2020-08-03
2020,31,SE212,2.0,28.0,681.0,2020-08-03
2020,31,SE312,2.0,27.0,1743.0,2020-08-03
2020,31,SE311,0.0,14.0,1292.0,2020-08-03
2020,31,SE121,0.0,40.0,1515.0,2020-08-03
2020,31,SE332,0.0,25.0,1882.0,2020-08-03
2020,31,SE214,0.0,21.0,616.0,2020-08-03
2020,31,SE122,0.0,9.0,1015.0,2020-08-03
2020,31,SE110,3.0,295.0,10161.0,2020-08-03
2020,31,SE213,0.0,16.0,1189.0,2020-08-03
2020,31,SE313,2.0,22.0,2086.0,2020-08-03
2020,31,SE221,1.0,11.0,519.0,2020-08-03
2020,31,SE231,1.0,60.0,2201.0,2020-08-03
2020,31,SE322,1.0,10.0,1367.0,2020-08-03
2020,32,SE212,1.0,62.0,779.0,2020-08-10
2020,32,SE312,0.0,48.0,1764.0,2020-08-10
2020,32,SE214,0.0,34.0,854.0,2020-08-10
2020,32,SE123,1.0,88.0,1612.0,2020-08-10
2020,32,SE311,0.0,57.0,1408.0,2020-08-10
2020,32,SE231,1.0,99.0,2255.0,2020-08-10
2020,32,SE321,0.0,40.0,1426.0,2020-08-10
2020,32,SE121,0.0,53.0,1765.0,2020-08-10
2020,32,SE313,1.0,35.0,1885.0,2020-08-10
2020,32,SE124,0.0,51.0,1127.0,2020-08-10
2020,32,SE122,0.0,12.0,963.0,2020-08-10
2020,32,SE213,0.0,14.0,1222.0,2020-08-10
2020,32,SE110,3.0,363.0,10175.0,2020-08-10
2020,32,SE322,2.0,19.0,1118.0,2020-08-10
2020,32,SE211,0.0,81.0,2279.0,2020-08-10
2020,32,SE125,2.0,39.0,1933.0,2020-08-10
2020,32,SE232,1.0,670.0,10034.0,2020-08-10
2020,32,SE332,1.0,24.0,1972.0,2020-08-10
2020,32,SE224,5.0,184.0,6612.0,2020-08-10
2020,32,SE221,0.0,33.0,524.0,2020-08-10
2020,32,SE331,0.0,8.0,1919.0,2020-08-10
2020,33,SE213,1.0,26.0,1380.0,2020-08-17
2020,33,SE321,1.0,21.0,1561.0,2020-08-17
2020,33,SE331,0.0,42.0,2226.0,2020-08-17
2020,33,SE313,0.0,43.0,1917.0,2020-08-17
2020,33,SE312,0.0,37.0,1921.0,2020-08-17
2020,33,SE311,0.0,46.0,1676.0,2020-08-17
2020,33,SE212,1.0,90.0,931.0,2020-08-17
2020,33,SE121,1.0,51.0,802.0,2020-08-17
2020,33,SE122,1.0,16.0,1051.0,2020-08-17
2020,33,SE110,1.0,416.0,11387.0,2020-08-17
2020,33,SE322,0.0,18.0,965.0,2020-08-17
2020,33,SE224,1.0,248.0,7113.0,2020-08-17
2020,33,SE332,2.0,24.0,1807.0,2020-08-17
2020,33,SE123,1.0,81.0,1727.0,2020-08-17
2020,33,SE125,0.0,41.0,2051.0,2020-08-17
2020,33,SE214,0.0,22.0,614.0,2020-08-17
2020,33,SE124,0.0,45.0,1185.0,2020-08-17
2020,33,SE211,1.0,68.0,2077.0,2020-08-17
2020,33,SE221,0.0,46.0,637.0,2020-08-17
2020,33,SE232,3.0,580.0,9982.0,2020-08-17
2020,33,SE231,2.0,91.0,2228.0,2020-08-17
2020,34,SE122,0.0,9.0,1088.0,2020-08-24
2020,34,SE221,1.0,22.0,707.0,2020-08-24
2020,34,SE124,0.0,32.0,1307.0,2020-08-24
2020,34,SE321,1.0,27.0,1706.0,2020-08-24
2020,34,SE121,1.0,64.0,2208.0,2020-08-24
2020,34,SE231,0.0,99.0,2571.0,2020-08-24
2020,34,SE311,0.0,27.0,1768.0,2020-08-24
2020,34,SE123,0.0,66.0,1905.0,2020-08-24
2020,34,SE331,0.0,14.0,2579.0,2020-08-24
2020,34,SE312,0.0,42.0,1976.0,2020-08-24
2020,34,SE212,2.0,46.0,965.0,2020-08-24
2020,34,SE213,0.0,41.0,1682.0,2020-08-24
2020,34,SE110,3.0,353.0,12870.0,2020-08-24
2020,34,SE214,0.0,8.0,712.0,2020-08-24
2020,34,SE232,5.0,397.0,11084.0,2020-08-24
2020,34,SE313,1.0,34.0,2197.0,2020-08-24
2020,34,SE322,2.0,2.0,1090.0,2020-08-24
2020,34,SE332,0.0,7.0,2316.0,2020-08-24
2020,34,SE125,0.0,36.0,2173.0,2020-08-24
2020,34,SE211,0.0,62.0,2566.0,2020-08-24
2020,34,SE224,3.0,299.0,9301.0,2020-08-24
2020,35,SE124,0.0,13.0,1592.0,2020-08-31
2020,35,SE332,0.0,10.0,2537.0,2020-08-31
2020,35,SE123,1.0,28.0,2886.0,2020-08-31
2020,35,SE311,0.0,12.0,2157.0,2020-08-31
2020,35,SE313,0.0,28.0,2681.0,2020-08-31
2020,35,SE211,0.0,32.0,3916.0,2020-08-31
2020,35,SE212,0.0,43.0,1583.0,2020-08-31
2020,35,SE221,1.0,15.0,830.0,2020-08-31
2020,35,SE214,0.0,3.0,792.0,2020-08-31
2020,35,SE122,0.0,10.0,1462.0,2020-08-31
2020,35,SE322,0.0,12.0,1266.0,2020-08-31
2020,35,SE110,3.0,239.0,15972.0,2020-08-31
2020,35,SE224,1.0,287.0,13238.0,2020-08-31
2020,35,SE121,0.0,35.0,2938.0,2020-08-31
2020,35,SE312,0.0,56.0,2668.0,2020-08-31
2020,35,SE125,0.0,21.0,2845.0,2020-08-31
2020,35,SE232,2.0,233.0,14268.0,2020-08-31
2020,35,SE331,0.0,13.0,2902.0,2020-08-31
2020,35,SE231,0.0,76.0,3836.0,2020-08-31
2020,35,SE321,1.0,10.0,1836.0,2020-08-31
2020,35,SE213,1.0,24.0,2097.0,2020-08-31
2020,36,SE231,1.0,93.0,6063.0,2020-09-07
2020,36,SE213,0.0,9.0,2926.0,2020-09-07
2020,36,SE313,0.0,23.0,2848.0,2020-09-07
2020,36,SE110,2.0,253.0,23659.0,2020-09-07
2020,36,SE232,2.0,296.0,18849.0,2020-09-07
2020,36,SE332,0.0,5.0,2911.0,2020-09-07
2020,36,SE121,1.0,34.0,3916.0,2020-09-07
2020,36,SE221,0.0,3.0,958.0,2020-09-07
2020,36,SE125,0.0,32.0,3418.0,2020-09-07
2020,36,SE224,3.0,198.0,16769.0,2020-09-07
2020,36,SE212,0.0,38.0,2683.0,2020-09-07
2020,36,SE322,0.0,22.0,1827.0,2020-09-07
2020,36,SE321,1.0,6.0,2026.0,2020-09-07
2020,36,SE214,0.0,1.0,825.0,2020-09-07
2020,36,SE123,2.0,62.0,3208.0,2020-09-07
2020,36,SE312,0.0,57.0,4062.0,2020-09-07
2020,36,SE124,0.0,86.0,2746.0,2020-09-07
2020,36,SE311,0.0,27.0,3200.0,2020-09-07
2020,36,SE211,0.0,78.0,6416.0,2020-09-07
2020,36,SE331,0.0,7.0,12449.0,2020-09-07
2020,36,SE122,0.0,2.0,1556.0,2020-09-07
2020,37,SE321,0.0,16.0,2952.0,2020-09-14
2020,37,SE221,0.0,4.0,1373.0,2020-09-14
2020,37,SE122,0.0,16.0,2220.0,2020-09-14
2020,37,SE214,0.0,3.0,804.0,2020-09-14
2020,37,SE211,1.0,132.0,7808.0,2020-09-14
2020,37,SE231,0.0,79.0,6617.0,2020-09-14
2020,37,SE213,1.0,8.0,3257.0,2020-09-14
2020,37,SE212,2.0,60.0,2536.0,2020-09-14
2020,37,SE313,4.0,42.0,3634.0,2020-09-14
2020,37,SE125,0.0,50.0,4439.0,2020-09-14
2020,37,SE232,1.0,300.0,22253.0,2020-09-14
2020,37,SE121,0.0,75.0,4303.0,2020-09-14
2020,37,SE332,0.0,7.0,3934.0,2020-09-14
2020,37,SE123,2.0,71.0,4319.0,2020-09-14
2020,37,SE312,0.0,79.0,3755.0,2020-09-14
2020,37,SE124,1.0,75.0,4183.0,2020-09-14
2020,37,SE331,0.0,23.0,11813.0,2020-09-14
2020,37,SE311,0.0,20.0,3859.0,2020-09-14
2020,37,SE322,0.0,9.0,2341.0,2020-09-14
2020,37,SE224,0.0,218.0,18216.0,2020-09-14
2020,37,SE110,1.0,305.0,25474.0,2020-09-14
2020,38,SE221,0.0,14.0,1313.0,2020-09-21
2020,38,SE214,0.0,5.0,1110.0,2020-09-21
2020,38,SE125,0.0,56.0,5276.0,2020-09-21
2020,38,SE332,0.0,15.0,3930.0,2020-09-21
2020,38,SE322,0.0,18.0,2795.0,2020-09-21
2020,38,SE224,3.0,291.0,16174.0,2020-09-21
2020,38,SE231,1.0,84.0,5055.0,2020-09-21
2020,38,SE213,0.0,11.0,2885.0,2020-09-21
2020,38,SE313,0.0,37.0,5826.0,2020-09-21
2020,38,SE124,0.0,85.0,4676.0,2020-09-21
2020,38,SE212,1.0,88.0,2885.0,2020-09-21
2020,38,SE312,3.0,164.0,5396.0,2020-09-21
2020,38,SE331,0.0,42.0,6376.0,2020-09-21
2020,38,SE123,0.0,54.0,4429.0,2020-09-21
2020,38,SE232,2.0,337.0,18935.0,2020-09-21
2020,38,SE311,0.0,27.0,3482.0,2020-09-21
2020,38,SE321,0.0,18.0,3165.0,2020-09-21
2020,38,SE211,0.0,105.0,5880.0,2020-09-21
2020,38,SE110,2.0,537.0,27535.0,2020-09-21
2020,38,SE122,0.0,23.0,3387.0,2020-09-21
2020,38,SE121,0.0,69.0,4478.0,2020-09-21
2020,39,SE311,0.0,21.0,3168.0,2020-09-28
2020,39,SE232,3.0,489.0,20921.0,2020-09-28
2020,39,SE121,0.0,105.0,4065.0,2020-09-28
2020,39,SE322,0.0,27.0,3305.0,2020-09-28
2020,39,SE124,0.0,59.0,5217.0,2020-09-28
2020,39,SE125,0.0,199.0,5029.0,2020-09-28
2020,39,SE231,3.0,107.0,4917.0,2020-09-28
2020,39,SE312,0.0,88.0,4651.0,2020-09-28
2020,39,SE122,0.0,39.0,2593.0,2020-09-28
2020,39,SE110,2.0,923.0,24469.0,2020-09-28
2020,39,SE224,0.0,260.0,16369.0,2020-09-28
2020,39,SE321,0.0,25.0,3697.0,2020-09-28
2020,39,SE331,0.0,96.0,5441.0,2020-09-28
2020,39,SE221,0.0,77.0,1555.0,2020-09-28
2020,39,SE123,0.0,81.0,3716.0,2020-09-28
2020,39,SE332,0.0,28.0,3405.0,2020-09-28
2020,39,SE313,1.0,73.0,3974.0,2020-09-28
2020,39,SE211,1.0,96.0,4928.0,2020-09-28
2020,39,SE214,0.0,3.0,889.0,2020-09-28
2020,39,SE213,0.0,11.0,2441.0,2020-09-28
2020,39,SE212,1.0,112.0,2069.0,2020-09-28
2020,40,SE213,0.0,14.0,2199.0,2020-10-05
2020,40,SE121,0.0,226.0,4128.0,2020-10-05
2020,40,SE321,0.0,30.0,2755.0,2020-10-05
2020,40,SE221,0.0,72.0,1371.0,2020-10-05
2020,40,SE214,0.0,16.0,841.0,2020-10-05
2020,40,SE110,5.0,1252.0,28227.0,2020-10-05
2020,40,SE313,1.0,75.0,3541.0,2020-10-05
2020,40,SE322,0.0,56.0,3234.0,2020-10-05
2020,40,SE311,1.0,50.0,3036.0,2020-10-05
2020,40,SE231,1.0,156.0,4839.0,2020-10-05
2020,40,SE212,0.0,76.0,2090.0,2020-10-05
2020,40,SE332,0.0,74.0,3393.0,2020-10-05
2020,40,SE125,0.0,123.0,4658.0,2020-10-05
2020,40,SE124,0.0,158.0,4116.0,2020-10-05
2020,40,SE123,1.0,142.0,3642.0,2020-10-05
2020,40,SE331,0.0,54.0,5456.0,2020-10-05
2020,40,SE312,1.0,101.0,6080.0,2020-10-05
2020,40,SE122,0.0,38.0,2708.0,2020-10-05
2020,40,SE232,4.0,402.0,17722.0,2020-10-05
2020,40,SE211,0.0,114.0,4828.0,2020-10-05
2020,40,SE224,3.0,413.0,16450.0,2020-10-05
2020,41,SE125,0.0,116.0,4574.0,2020-10-12
2020,41,SE214,0.0,15.0,799.0,2020-10-12
2020,41,SE312,5.0,84.0,6058.0,2020-10-12
2020,41,SE221,1.0,61.0,1384.0,2020-10-12
2020,41,SE311,0.0,34.0,3462.0,2020-10-12
2020,41,SE232,2.0,537.0,18919.0,2020-10-12
2020,41,SE224,0.0,365.0,17471.0,2020-10-12
2020,41,SE212,1.0,69.0,2209.0,2020-10-12
2020,41,SE231,1.0,155.0,5563.0,2020-10-12
2020,41,SE211,0.0,198.0,4922.0,2020-10-12
2020,41,SE122,0.0,54.0,5593.0,2020-10-12
2020,41,SE331,0.0,58.0,5310.0,2020-10-12
2020,41,SE332,0.0,96.0,3694.0,2020-10-12
2020,41,SE124,0.0,258.0,4790.0,2020-10-12
2020,41,SE123,0.0,130.0,4053.0,2020-10-12
2020,41,SE313,0.0,78.0,3889.0,2020-10-12
2020,41,SE322,0.0,124.0,3826.0,2020-10-12
2020,41,SE213,0.0,21.0,2288.0,2020-10-12
2020,41,SE121,2.0,285.0,5593.0,2020-10-12
2020,41,SE321,1.0,38.0,3091.0,2020-10-12
2020,41,SE110,9.0,1502.0,31915.0,2020-10-12
2020,42,SE122,0.0,99.0,3458.0,2020-10-19
2020,42,SE231,0.0,138.0,5595.0,2020-10-19
2020,42,SE331,0.0,50.0,6666.0,2020-10-19
2020,42,SE221,0.0,31.0,1434.0,2020-10-19
2020,42,SE123,0.0,364.0,4226.0,2020-10-19
2020,42,SE213,0.0,37.0,2535.0,2020-10-19
2020,42,SE313,1.0,61.0,3731.0,2020-10-19
2020,42,SE312,1.0,161.0,6346.0,2020-10-19
2020,42,SE125,1.0,120.0,4596.0,2020-10-19
2020,42,SE214,0.0,14.0,1118.0,2020-10-19
2020,42,SE212,2.0,121.0,2543.0,2020-10-19
2020,42,SE321,0.0,41.0,3000.0,2020-10-19
2020,42,SE110,3.0,1656.0,32672.0,2020-10-19
2020,42,SE211,0.0,274.0,5701.0,2020-10-19
2020,42,SE332,0.0,92.0,3981.0,2020-10-19
2020,42,SE121,3.0,505.0,5676.0,2020-10-19
2020,42,SE311,1.0,80.0,3615.0,2020-10-19
2020,42,SE232,1.0,706.0,19000.0,2020-10-19
2020,42,SE322,0.0,106.0,3733.0,2020-10-19
2020,42,SE224,3.0,633.0,19742.0,2020-10-19
2020,42,SE124,0.0,331.0,5888.0,2020-10-19
2020,43,SE332,0.0,125.0,3884.0,2020-10-26
2020,43,SE321,0.0,56.0,3123.0,2020-10-26
2020,43,SE124,1.0,608.0,7468.0,2020-10-26
2020,43,SE213,0.0,102.0,3540.0,2020-10-26
2020,43,SE212,6.0,312.0,3099.0,2020-10-26
2020,43,SE313,0.0,104.0,4255.0,2020-10-26
2020,43,SE110,12.0,2957.0,38366.0,2020-10-26
2020,43,SE311,0.0,116.0,3863.0,2020-10-26
2020,43,SE231,0.0,195.0,6423.0,2020-10-26
2020,43,SE331,0.0,71.0,5185.0,2020-10-26
2020,43,SE211,2.0,271.0,3746.0,2020-10-26
2020,43,SE322,0.0,60.0,3574.0,2020-10-26
2020,43,SE232,5.0,1372.0,23400.0,2020-10-26
2020,43,SE121,7.0,349.0,5557.0,2020-10-26
2020,43,SE123,1.0,512.0,4636.0,2020-10-26
2020,43,SE214,0.0,33.0,1013.0,2020-10-26
2020,43,SE221,0.0,65.0,1485.0,2020-10-26
2020,43,SE122,1.0,136.0,5557.0,2020-10-26
2020,43,SE312,1.0,213.0,6340.0,2020-10-26
2020,43,SE224,6.0,1318.0,24150.0,2020-10-26
2020,43,SE125,1.0,180.0,5053.0,2020-10-26
2020,44,SE322,3.0,53.0,2778.0,2020-11-02
2020,44,SE124,2.0,1000.0,7777.0,2020-11-02
2020,44,SE122,2.0,395.0,5529.0,2020-11-02
2020,44,SE214,0.0,68.0,1057.0,2020-11-02
2020,44,SE123,10.0,1000.0,5561.0,2020-11-02
2020,44,SE213,0.0,187.0,3136.0,2020-11-02
2020,44,SE221,0.0,141.0,1638.0,2020-11-02
2020,44,SE231,0.0,467.0,6968.0,2020-11-02
2020,44,SE211,0.0,892.0,6552.0,2020-11-02
2020,44,SE332,0.0,225.0,3574.0,2020-11-02
2020,44,SE232,11.0,2983.0,27976.0,2020-11-02
2020,44,SE321,1.0,129.0,2770.0,2020-11-02
2020,44,SE313,0.0,240.0,4269.0,2020-11-02
2020,44,SE212,9.0,466.0,3092.0,2020-11-02
2020,44,SE121,4.0,883.0,10273.0,2020-11-02
2020,44,SE110,22.0,5749.0,40219.0,2020-11-02
2020,44,SE125,1.0,468.0,5596.0,2020-11-02
2020,44,SE312,1.0,444.0,7080.0,2020-11-02
2020,44,SE331,0.0,250.0,8679.0,2020-11-02
2020,44,SE224,15.0,2232.0,25909.0,2020-11-02
2020,44,SE311,1.0,202.0,3566.0,2020-11-02
2020,45,SE332,1.0,538.0,5827.0,2020-11-09
2020,45,SE124,3.0,1225.0,7558.0,2020-11-09
2020,45,SE212,7.0,706.0,4509.0,2020-11-09
2020,45,SE311,1.0,359.0,5131.0,2020-11-09
2020,45,SE121,8.0,1015.0,9692.0,2020-11-09
2020,45,SE321,1.0,332.0,3906.0,2020-11-09
2020,45,SE213,3.0,318.0,4965.0,2020-11-09
2020,45,SE221,2.0,161.0,2370.0,2020-11-09
2020,45,SE122,3.0,615.0,8318.0,2020-11-09
2020,45,SE232,24.0,4065.0,39764.0,2020-11-09
2020,45,SE313,0.0,485.0,5994.0,2020-11-09
2020,45,SE125,2.0,831.0,8550.0,2020-11-09
2020,45,SE224,32.0,2721.0,29411.0,2020-11-09
2020,45,SE231,2.0,557.0,9003.0,2020-11-09
2020,45,SE123,15.0,1124.0,6440.0,2020-11-09
2020,45,SE214,1.0,186.0,1427.0,2020-11-09
2020,45,SE110,45.0,7695.0,41670.0,2020-11-09
2020,45,SE322,1.0,138.0,3538.0,2020-11-09
2020,45,SE211,4.0,1078.0,7657.0,2020-11-09
2020,45,SE312,1.0,621.0,7560.0,2020-11-09
2020,45,SE331,1.0,635.0,10372.0,2020-11-09
2020,46,SE312,2.0,691.0,10024.0,2020-11-16
2020,46,SE214,1.0,233.0,2045.0,2020-11-16
2020,46,SE313,4.0,765.0,7237.0,2020-11-16
2020,46,SE311,1.0,419.0,5815.0,2020-11-16
2020,46,SE332,4.0,589.0,6120.0,2020-11-16
2020,46,SE122,4.0,719.0,9961.0,2020-11-16
2020,46,SE125,4.0,1086.0,10573.0,2020-11-16
2020,46,SE224,32.0,4574.0,32241.0,2020-11-16
2020,46,SE321,4.0,589.0,5871.0,2020-11-16
2020,46,SE121,11.0,1357.0,8962.0,2020-11-16
2020,46,SE110,89.0,9489.0,44854.0,2020-11-16
2020,46,SE231,8.0,986.0,8917.0,2020-11-16
2020,46,SE232,31.0,4187.0,43500.0,2020-11-16
2020,46,SE123,15.0,759.0,3179.0,2020-11-16
2020,46,SE211,6.0,1280.0,9279.0,2020-11-16
2020,46,SE213,5.0,462.0,6171.0,2020-11-16
2020,46,SE322,0.0,278.0,4901.0,2020-11-16
2020,46,SE124,5.0,1221.0,7950.0,2020-11-16
2020,46,SE331,2.0,686.0,13448.0,2020-11-16
2020,46,SE212,6.0,725.0,5665.0,2020-11-16
2020,46,SE221,1.0,224.0,2753.0,2020-11-16
2020,47,SE214,1.0,174.0,1636.0,2020-11-23
2020,47,SE322,0.0,446.0,5692.0,2020-11-23
2020,47,SE211,25.0,1297.0,8938.0,2020-11-23
2020,47,SE124,6.0,1219.0,8442.0,2020-11-23
2020,47,SE232,44.0,4578.0,48480.0,2020-11-23
2020,47,SE313,14.0,1017.0,7488.0,2020-11-23
2020,47,SE332,5.0,736.0,7409.0,2020-11-23
2020,47,SE224,50.0,4336.0,35493.0,2020-11-23
2020,47,SE123,8.0,574.0,2871.0,2020-11-23
2020,47,SE121,12.0,1430.0,9711.0,2020-11-23
2020,47,SE122,9.0,796.0,9963.0,2020-11-23
2020,47,SE125,9.0,1263.0,10991.0,2020-11-23
2020,47,SE212,7.0,555.0,4535.0,2020-11-23
2020,47,SE321,8.0,906.0,6535.0,2020-11-23
2020,47,SE312,5.0,631.0,7230.0,2020-11-23
2020,47,SE331,9.0,762.0,10936.0,2020-11-23
2020,47,SE110,100.0,9521.0,46414.0,2020-11-23
2020,47,SE231,8.0,539.0,7468.0,2020-11-23
2020,47,SE221,1.0,251.0,2810.0,2020-11-23
2020,47,SE311,5.0,465.0,6432.0,2020-11-23
2020,47,SE213,6.0,448.0,5533.0,2020-11-23
2020,48,SE221,1.0,365.0,3291.0,2020-11-30
2020,48,SE124,5.0,887.0,7791.0,2020-11-30
2020,48,SE331,14.0,896.0,10611.0,2020-11-30
2020,48,SE214,4.0,232.0,1659.0,2020-11-30
2020,48,SE311,9.0,467.0,5849.0,2020-11-30
2020,48,SE231,8.0,778.0,10589.0,2020-11-30
2020,48,SE211,18.0,1063.0,7646.0,2020-11-30
2020,48,SE232,64.0,4361.0,42316.0,2020-11-30
2020,48,SE321,10.0,1205.0,6725.0,2020-11-30
2020,48,SE213,4.0,658.0,7023.0,2020-11-30
2020,48,SE125,13.0,1336.0,11415.0,2020-11-30
2020,48,SE110,113.0,11126.0,53862.0,2020-11-30
2020,48,SE313,23.0,1211.0,7819.0,2020-11-30
2020,48,SE121,21.0,1398.0,9328.0,2020-11-30
2020,48,SE212,8.0,623.0,4054.0,2020-11-30
2020,48,SE122,8.0,609.0,9039.0,2020-11-30
2020,48,SE224,60.0,5694.0,46373.0,2020-11-30
2020,48,SE332,7.0,904.0,7989.0,2020-11-30
2020,48,SE123,21.0,594.0,2881.0,2020-11-30
2020,48,SE312,5.0,797.0,7993.0,2020-11-30
2020,48,SE322,1.0,356.0,6029.0,2020-11-30
2020,49,SE124,10.0,741.0,7078.0,2020-12-07
2020,49,SE311,3.0,552.0,5586.0,2020-12-07
2020,49,SE224,75.0,7249.0,41700.0,2020-12-07
2020,49,SE232,56.0,4468.0,40737.0,2020-12-07
2020,49,SE123,23.0,786.0,3712.0,2020-12-07
2020,49,SE121,18.0,1397.0,9673.0,2020-12-07
2020,49,SE321,21.0,1175.0,6309.0,2020-12-07
2020,49,SE110,135.0,10464.0,55157.0,2020-12-07
2020,49,SE213,13.0,618.0,5952.0,2020-12-07
2020,49,SE122,6.0,564.0,7831.0,2020-12-07
2020,49,SE212,2.0,541.0,3841.0,2020-12-07
2020,49,SE331,7.0,808.0,9899.0,2020-12-07
2020,49,SE221,2.0,458.0,3189.0,2020-12-07
2020,49,SE312,6.0,839.0,7406.0,2020-12-07
2020,49,SE322,6.0,323.0,5013.0,2020-12-07
2020,49,SE211,22.0,1061.0,7640.0,2020-12-07
2020,49,SE231,6.0,1064.0,8158.0,2020-12-07
2020,49,SE125,23.0,1331.0,9722.0,2020-12-07
2020,49,SE214,8.0,320.0,2019.0,2020-12-07
2020,49,SE313,22.0,1400.0,7612.0,2020-12-07
2020,49,SE332,12.0,678.0,5897.0,2020-12-07
2020,50,SE321,28.0,1208.0,6445.0,2020-12-14
2020,50,SE322,7.0,355.0,4740.0,2020-12-14
2020,50,SE332,8.0,715.0,6245.0,2020-12-14
2020,50,SE232,69.0,6782.0,48113.0,2020-12-14
2020,50,SE231,5.0,1194.0,9224.0,2020-12-14
2020,50,SE110,138.0,11298.0,56434.0,2020-12-14
2020,50,SE313,44.0,1559.0,6792.0,2020-12-14
2020,50,SE123,15.0,982.0,4150.0,2020-12-14
2020,50,SE224,69.0,9161.0,43008.0,2020-12-14
2020,50,SE211,26.0,1215.0,8242.0,2020-12-14
2020,50,SE122,7.0,708.0,8653.0,2020-12-14
2020,50,SE213,8.0,729.0,5778.0,2020-12-14
2020,50,SE125,13.0,1285.0,9810.0,2020-12-14
2020,50,SE214,2.0,235.0,1411.0,2020-12-14
2020,50,SE124,5.0,788.0,7278.0,2020-12-14
2020,50,SE221,4.0,556.0,3404.0,2020-12-14
2020,50,SE212,11.0,711.0,4030.0,2020-12-14
2020,50,SE331,10.0,986.0,10316.0,2020-12-14
2020,50,SE311,12.0,633.0,6372.0,2020-12-14
2020,50,SE312,6.0,1019.0,6954.0,2020-12-14
2020,50,SE121,14.0,1512.0,9667.0,2020-12-14
2020,51,SE122,14.0,760.0,9224.0,2020-12-21
2020,51,SE212,13.0,938.0,4539.0,2020-12-21
2020,51,SE332,8.0,560.0,5867.0,2020-12-21
2020,51,SE232,108.0,8221.0,46287.0,2020-12-21
2020,51,SE211,27.0,1428.0,9383.0,2020-12-21
2020,51,SE121,22.0,1631.0,11426.0,2020-12-21
2020,51,SE331,5.0,935.0,11740.0,2020-12-21
2020,51,SE110,152.0,10446.0,68282.0,2020-12-21
2020,51,SE213,11.0,846.0,6524.0,2020-12-21
2020,51,SE125,15.0,1163.0,9756.0,2020-12-21
2020,51,SE231,9.0,1198.0,10298.0,2020-12-21
2020,51,SE321,30.0,1300.0,7171.0,2020-12-21
2020,51,SE322,5.0,411.0,5360.0,2020-12-21
2020,51,SE124,7.0,818.0,8066.0,2020-12-21
2020,51,SE214,4.0,196.0,1470.0,2020-12-21
2020,51,SE224,102.0,9342.0,44597.0,2020-12-21
2020,51,SE313,56.0,2506.0,11811.0,2020-12-21
2020,51,SE123,20.0,1076.0,5086.0,2020-12-21
2020,51,SE311,9.0,646.0,6491.0,2020-12-21
2020,51,SE221,8.0,621.0,3741.0,2020-12-21
2020,51,SE312,20.0,1135.0,8124.0,2020-12-21
2020,52,SE221,12.0,700.0,2929.0,2020-12-28
2020,52,SE214,5.0,121.0,1010.0,2020-12-28
2020,52,SE212,21.0,748.0,3240.0,2020-12-28
2020,52,SE211,29.0,1167.0,6812.0,2020-12-28
2020,52,SE123,20.0,889.0,4718.0,2020-12-28
2020,52,SE121,16.0,1204.0,7914.0,2020-12-28
2020,52,SE124,8.0,811.0,6157.0,2020-12-28
2020,52,SE125,16.0,1030.0,7338.0,2020-12-28
2020,52,SE321,27.0,821.0,4665.0,2020-12-28
2020,52,SE331,10.0,646.0,7584.0,2020-12-28
2020,52,SE313,47.0,1260.0,6767.0,2020-12-28
2020,52,SE122,7.0,743.0,7570.0,2020-12-28
2020,52,SE232,127.0,6429.0,46934.0,2020-12-28
2020,52,SE110,130.0,7461.0,47793.0,2020-12-28
2020,52,SE224,115.0,8972.0,37350.0,2020-12-28
2020,52,SE213,8.0,764.0,4479.0,2020-12-28
2020,52,SE332,3.0,430.0,3604.0,2020-12-28
2020,52,SE311,5.0,500.0,4979.0,2020-12-28
2020,52,SE312,18.0,975.0,5568.0,2020-12-28
2020,52,SE322,7.0,345.0,3606.0,2020-12-28
2020,52,SE231,12.0,1118.0,9117.0,2020-12-28
2021,1,SE312,22.0,987.0,6159.0,2021-01-04
2021,1,SE313,36.0,1432.0,7318.0,2021-01-04
2021,1,SE321,29.0,1000.0,4656.0,2021-01-04
2021,1,SE232,137.0,8192.0,36732.0,2021-01-04
2021,1,SE221,11.0,914.0,3256.0,2021-01-04
2021,1,SE224,133.0,9196.0,34118.0,2021-01-04
2021,1,SE110,102.0,6277.0,35175.0,2021-01-04
2021,1,SE125,8.0,867.0,6298.0,2021-01-04
2021,1,SE212,15.0,988.0,3880.0,2021-01-04
2021,1,SE211,38.0,1401.0,6858.0,2021-01-04
2021,1,SE331,11.0,742.0,7537.0,2021-01-04
2021,1,SE311,2.0,613.0,4235.0,2021-01-04
2021,1,SE124,9.0,867.0,5954.0,2021-01-04
2021,1,SE121,23.0,1362.0,7247.0,2021-01-04
2021,1,SE332,9.0,515.0,3233.0,2021-01-04
2021,1,SE213,18.0,920.0,5399.0,2021-01-04
2021,1,SE322,7.0,402.0,3758.0,2021-01-04
2021,1,SE214,7.0,115.0,1057.0,2021-01-04
2021,1,SE123,26.0,1708.0,6033.0,2021-01-04
2021,1,SE231,7.0,2026.0,9768.0,2021-01-04
2021,1,SE122,13.0,800.0,6993.0,2021-01-04
2021,2,SE231,19.0,2224.0,9411.0,2021-01-11
2021,2,SE211,23.0,1396.0,6755.0,2021-01-11
2021,2,SE224,151.0,10065.0,31094.0,2021-01-11
2021,2,SE321,16.0,748.0,4085.0,2021-01-11
2021,2,SE322,3.0,404.0,3937.0,2021-01-11
2021,2,SE332,8.0,539.0,4462.0,2021-01-11
2021,2,SE221,16.0,788.0,3260.0,2021-01-11
2021,2,SE214,1.0,152.0,986.0,2021-01-11
2021,2,SE123,27.0,1470.0,7058.0,2021-01-11
2021,2,SE124,6.0,841.0,5830.0,2021-01-11
2021,2,SE212,18.0,1037.0,3693.0,2021-01-11
2021,2,SE125,9.0,1081.0,5329.0,2021-01-11
2021,2,SE121,15.0,1120.0,6331.0,2021-01-11
2021,2,SE232,146.0,6789.0,39120.0,2021-01-11
2021,2,SE331,10.0,662.0,6534.0,2021-01-11
2021,2,SE311,13.0,433.0,4086.0,2021-01-11
2021,2,SE312,8.0,714.0,5904.0,2021-01-11
2021,2,SE313,25.0,1271.0,5792.0,2021-01-11
2021,2,SE110,97.0,5805.0,31873.0,2021-01-11
2021,2,SE122,21.0,840.0,6483.0,2021-01-11
2021,2,SE213,12.0,1080.0,5355.0,2021-01-11
2021,3,SE211,31.0,1044.0,6987.0,2021-01-18
2021,3,SE124,13.0,614.0,6248.0,2021-01-18
2021,3,SE312,10.0,608.0,5955.0,2021-01-18
2021,3,SE121,14.0,690.0,7000.0,2021-01-18
2021,3,SE224,142.0,7148.0,29443.0,2021-01-18
2021,3,SE221,11.0,622.0,2728.0,2021-01-18
2021,3,SE125,4.0,572.0,5013.0,2021-01-18
2021,3,SE322,1.0,269.0,3452.0,2021-01-18
2021,3,SE214,2.0,83.0,871.0,2021-01-18
2021,3,SE313,18.0,620.0,5259.0,2021-01-18
2021,3,SE123,26.0,1513.0,6730.0,2021-01-18
2021,3,SE231,29.0,1502.0,9414.0,2021-01-18
2021,3,SE122,18.0,504.0,6544.0,2021-01-18
2021,3,SE110,88.0,3755.0,31455.0,2021-01-18
2021,3,SE213,17.0,725.0,4962.0,2021-01-18
2021,3,SE232,103.0,6002.0,35738.0,2021-01-18
2021,3,SE212,23.0,684.0,3724.0,2021-01-18
2021,3,SE311,10.0,345.0,4253.0,2021-01-18
2021,3,SE331,5.0,395.0,6489.0,2021-01-18
2021,3,SE332,11.0,636.0,5034.0,2021-01-18
2021,3,SE321,20.0,617.0,4028.0,2021-01-18
2021,4,SE121,18.0,694.0,6688.0,2021-01-25
2021,4,SE232,92.0,4256.0,36398.0,2021-01-25
2021,4,SE110,79.0,3545.0,32562.0,2021-01-25
2021,4,SE124,14.0,582.0,6163.0,2021-01-25
2021,4,SE322,2.0,248.0,3502.0,2021-01-25
2021,4,SE331,3.0,388.0,7659.0,2021-01-25
2021,4,SE313,10.0,506.0,5208.0,2021-01-25
2021,4,SE125,6.0,540.0,5475.0,2021-01-25
2021,4,SE312,8.0,511.0,5438.0,2021-01-25
2021,4,SE221,11.0,379.0,2323.0,2021-01-25
2021,4,SE123,23.0,1154.0,6645.0,2021-01-25
2021,4,SE311,8.0,266.0,4396.0,2021-01-25
2021,4,SE122,13.0,415.0,6292.0,2021-01-25
2021,4,SE332,21.0,578.0,4607.0,2021-01-25
2021,4,SE321,22.0,520.0,4354.0,2021-01-25
2021,4,SE213,12.0,559.0,4707.0,2021-01-25
2021,4,SE224,118.0,5234.0,28114.0,2021-01-25
2021,4,SE212,13.0,629.0,3672.0,2021-01-25
2021,4,SE231,21.0,1153.0,9439.0,2021-01-25
2021,4,SE211,19.0,1021.0,6960.0,2021-01-25
2021,4,SE214,0.0,57.0,781.0,2021-01-25
2021,5,SE313,10.0,433.0,5649.0,2021-02-01
2021,5,SE232,67.0,4156.0,36902.0,2021-02-01
2021,5,SE332,13.0,463.0,4440.0,2021-02-01
2021,5,SE211,20.0,1036.0,6852.0,2021-02-01
2021,5,SE123,24.0,1014.0,6657.0,2021-02-01
2021,5,SE224,70.0,4104.0,29048.0,2021-02-01
2021,5,SE124,16.0,424.0,6349.0,2021-02-01
2021,5,SE311,5.0,307.0,4823.0,2021-02-01
2021,5,SE213,17.0,429.0,4436.0,2021-02-01
2021,5,SE212,7.0,604.0,3638.0,2021-02-01
2021,5,SE321,23.0,512.0,4463.0,2021-02-01
2021,5,SE122,4.0,333.0,6330.0,2021-02-01
2021,5,SE221,12.0,214.0,2229.0,2021-02-01
2021,5,SE214,1.0,31.0,774.0,2021-02-01
2021,5,SE331,2.0,438.0,9596.0,2021-02-01
2021,5,SE312,2.0,342.0,5369.0,2021-02-01
2021,5,SE231,18.0,1127.0,9130.0,2021-02-01
2021,5,SE322,2.0,215.0,3619.0,2021-02-01
2021,5,SE110,61.0,3506.0,29048.0,2021-02-01
2021,5,SE121,7.0,560.0,7250.0,2021-02-01
2021,5,SE125,8.0,418.0,6263.0,2021-02-01
2021,6,SE125,3.0,346.0,5141.0,2021-02-08
2021,6,SE321,10.0,571.0,4441.0,2021-02-08
2021,6,SE110,46.0,3223.0,25522.0,2021-02-08
2021,6,SE311,2.0,349.0,5014.0,2021-02-08
2021,6,SE212,5.0,465.0,3944.0,2021-02-08
2021,6,SE123,15.0,848.0,6952.0,2021-02-08
2021,6,SE213,6.0,350.0,4005.0,2021-02-08
2021,6,SE221,3.0,211.0,1995.0,2021-02-08
2021,6,SE122,3.0,321.0,6517.0,2021-02-08
2021,6,SE232,67.0,4147.0,39873.0,2021-02-08
2021,6,SE332,9.0,459.0,4550.0,2021-02-08
2021,6,SE313,2.0,592.0,6779.0,2021-02-08
2021,6,SE231,12.0,1044.0,9508.0,2021-02-08
2021,6,SE211,14.0,941.0,7000.0,2021-02-08
2021,6,SE224,48.0,3431.0,25522.0,2021-02-08
2021,6,SE322,4.0,251.0,3629.0,2021-02-08
2021,6,SE312,3.0,307.0,5520.0,2021-02-08
2021,6,SE124,2.0,377.0,6231.0,2021-02-08
2021,6,SE214,0.0,20.0,784.0,2021-02-08
2021,6,SE121,12.0,560.0,8476.0,2021-02-08
2021,6,SE331,2.0,796.0,12176.0,2021-02-08
2021,7,SE313,4.0,715.0,7187.0,2021-02-15
2021,7,SE231,10.0,1176.0,9807.0,2021-02-15
2021,7,SE331,7.0,1033.0,14055.0,2021-02-15
2021,7,SE332,7.0,484.0,4759.0,2021-02-15
2021,7,SE213,6.0,300.0,4606.0,2021-02-15
2021,7,SE232,42.0,4722.0,36118.0,2021-02-15
2021,7,SE110,31.0,3998.0,30529.0,2021-02-15
2021,7,SE125,8.0,341.0,6871.0,2021-02-15
2021,7,SE212,2.0,509.0,3982.0,2021-02-15
2021,7,SE311,2.0,342.0,5489.0,2021-02-15
2021,7,SE312,1.0,332.0,6114.0,2021-02-15
2021,7,SE121,7.0,710.0,8966.0,2021-02-15
2021,7,SE224,32.0,3156.0,30529.0,2021-02-15
2021,7,SE124,4.0,388.0,6620.0,2021-02-15
2021,7,SE214,1.0,27.0,837.0,2021-02-15
2021,7,SE321,13.0,470.0,4215.0,2021-02-15
2021,7,SE211,5.0,1065.0,6572.0,2021-02-15
2021,7,SE322,3.0,222.0,3821.0,2021-02-15
2021,7,SE122,5.0,359.0,6961.0,2021-02-15
2021,7,SE123,13.0,787.0,7678.0,2021-02-15
2021,7,SE221,1.0,151.0,2115.0,2021-02-15
2021,8,SE332,3.0,740.0,5506.0,2021-02-22
2021,8,SE123,7.0,847.0,6939.0,2021-02-22
2021,8,SE122,5.0,458.0,7393.0,2021-02-22
2021,8,SE124,3.0,440.0,6059.0,2021-02-22
2021,8,SE313,6.0,906.0,7611.0,2021-02-22
2021,8,SE121,3.0,726.0,9072.0,2021-02-22
2021,8,SE213,0.0,439.0,4354.0,2021-02-22
2021,8,SE311,1.0,410.0,5242.0,2021-02-22
2021,8,SE125,0.0,369.0,6546.0,2021-02-22
2021,8,SE231,8.0,1182.0,10248.0,2021-02-22
2021,8,SE312,2.0,380.0,6815.0,2021-02-22
2021,8,SE224,37.0,3222.0,26918.0,2021-02-22
2021,8,SE214,0.0,15.0,800.0,2021-02-22
2021,8,SE211,11.0,1079.0,7274.0,2021-02-22
2021,8,SE322,1.0,264.0,4340.0,2021-02-22
2021,8,SE212,7.0,457.0,3378.0,2021-02-22
2021,8,SE221,1.0,173.0,1980.0,2021-02-22
2021,8,SE321,5.0,400.0,4295.0,2021-02-22
2021,8,SE232,36.0,4762.0,42642.0,2021-02-22
2021,8,SE331,4.0,1269.0,15899.0,2021-02-22
2021,8,SE110,32.0,5081.0,26918.0,2021-02-22
2021,9,SE311,6.0,383.0,5506.0,2021-03-01
2021,9,SE125,4.0,351.0,7101.0,2021-03-01
2021,9,SE312,0.0,482.0,7270.0,2021-03-01
2021,9,SE224,26.0,2910.0,29735.0,2021-03-01
2021,9,SE313,7.0,1172.0,8636.0,2021-03-01
2021,9,SE332,2.0,826.0,6945.0,2021-03-01
2021,9,SE124,2.0,568.0,7410.0,2021-03-01
2021,9,SE214,0.0,32.0,949.0,2021-03-01
2021,9,SE331,10.0,1153.0,14765.0,2021-03-01
2021,9,SE211,10.0,1196.0,8037.0,2021-03-01
2021,9,SE221,2.0,120.0,2050.0,2021-03-01
2021,9,SE322,0.0,332.0,5060.0,2021-03-01
2021,9,SE123,7.0,899.0,8161.0,2021-03-01
2021,9,SE231,2.0,1398.0,10696.0,2021-03-01
2021,9,SE232,28.0,5941.0,40697.0,2021-03-01
2021,9,SE212,2.0,344.0,3547.0,2021-03-01
2021,9,SE110,25.0,6336.0,29735.0,2021-03-01
2021,9,SE213,1.0,545.0,4955.0,2021-03-01
2021,9,SE321,4.0,382.0,4571.0,2021-03-01
2021,9,SE121,2.0,730.0,9862.0,2021-03-01
2021,9,SE122,3.0,594.0,8650.0,2021-03-01
2021,10,SE313,4.0,1496.0,9625.0,2021-03-08
2021,10,SE124,1.0,737.0,7933.0,2021-03-08
2021,10,SE312,0.0,580.0,9307.0,2021-03-08
2021,10,SE123,3.0,1015.0,9159.0,2021-03-08
2021,10,SE224,16.0,2877.0,29526.0,2021-03-08
2021,10,SE212,3.0,311.0,3669.0,2021-03-08
2021,10,SE110,32.0,6669.0,29526.0,2021-03-08
2021,10,SE213,2.0,626.0,5924.0,2021-03-08
2021,10,SE122,3.0,701.0,9172.0,2021-03-08
2021,10,SE214,0.0,64.0,1160.0,2021-03-08
2021,10,SE121,3.0,792.0,15528.0,2021-03-08
2021,10,SE311,4.0,576.0,6978.0,2021-03-08
2021,10,SE331,5.0,1063.0,12006.0,2021-03-08
2021,10,SE221,0.0,170.0,2562.0,2021-03-08
2021,10,SE321,7.0,422.0,4452.0,2021-03-08
2021,10,SE322,0.0,366.0,5862.0,2021-03-08
2021,10,SE125,1.0,468.0,7862.0,2021-03-08
2021,10,SE232,25.0,4885.0,41802.0,2021-03-08
2021,10,SE231,6.0,1686.0,11489.0,2021-03-08
2021,10,SE211,4.0,1137.0,10254.0,2021-03-08
2021,10,SE332,9.0,1117.0,5167.0,2021-03-08
2021,11,SE211,7.0,1401.0,11447.0,2021-03-15
2021,11,SE212,1.0,226.0,3910.0,2021-03-15
2021,11,SE214,0.0,63.0,1225.0,2021-03-15
2021,11,SE322,0.0,370.0,7103.0,2021-03-15
2021,11,SE213,3.0,615.0,6433.0,2021-03-15
2021,11,SE231,5.0,1615.0,12874.0,2021-03-15
2021,11,SE224,14.0,2518.0,34169.0,2021-03-15
2021,11,SE312,2.0,790.0,10388.0,2021-03-15
2021,11,SE124,3.0,696.0,9030.0,2021-03-15
2021,11,SE110,29.0,7647.0,34169.0,2021-03-15
2021,11,SE313,10.0,1388.0,9249.0,2021-03-15
2021,11,SE122,6.0,730.0,10670.0,2021-03-15
2021,11,SE121,4.0,912.0,13308.0,2021-03-15
2021,11,SE311,3.0,638.0,7218.0,2021-03-15
2021,11,SE221,0.0,179.0,2990.0,2021-03-15
2021,11,SE331,7.0,784.0,12532.0,2021-03-15
2021,11,SE321,5.0,512.0,4857.0,2021-03-15
2021,11,SE125,2.0,550.0,8057.0,2021-03-15
2021,11,SE232,25.0,5228.0,56232.0,2021-03-15
2021,11,SE332,4.0,734.0,6703.0,2021-03-15
2021,11,SE123,5.0,971.0,9641.0,2021-03-15
