"","dates","a","c","b","d","S","E","I","R","D","T","Tcum"
"1","2020-03-01",0.234551183006261,1,0.000382525540328856,0.000714116164017469,0.695391520830795,0.249930482070215,0.0546471140440671,1.07724858762307e-05,2.01105690465863e-05,11,211
"2","2020-03-02",0.234551183006261,1,0.000382525540328856,0.000714116164017469,0.682727379809317,0.216213177782571,0.100942626664609,4.07471330204234e-05,7.60686104834691e-05,51,262
"3","2020-03-03",0.234551183006261,1,0.000382525540328856,0.000714116164017469,0.663515793971261,0.194521517171608,0.141712420737559,8.72973800714702e-05,0.000162970739501,78,340
"4","2020-03-04",0.234551183006261,1,0.000382525540328856,0.000714116164017469,0.638988865201578,0.181562646583853,0.179022114825961,0.000148725614038359,0.000277647774569274,67,407
"5","2020-03-05",0.234551183006261,1,0.000382525540328856,0.000714116164017469,0.610162926632452,0.174835200919741,0.214359673698605,0.00022400882855681,0.00041818992064559,76,483
"6","2020-03-06",0.234551183006261,1,0.000382525540328856,0.000714116164017469,0.577900521664944,0.172429737756592,0.248773549257381,0.00031260535503665,0.00058358596604602,111,594
"7","2020-03-07",0.234551183006261,1,0.000382525540328856,0.000714116164017469,0.542963265138414,0.172873711651464,0.282975267960051,0.000414307350350928,0.000773447899720613,193,787
"8","2020-03-08",0.234551183006261,1,0.000382525540328856,0.000714116164017469,0.506051395325043,0.175016643698685,0.31741503519493,0.000529127108559701,0.000987798672782646,141,928
"9","2020-03-09",0.234551183006261,1,0.000382525540328856,0.000714116164017469,0.467829231641023,0.177948876106851,0.352337777350847,0.000657208336868354,0.00122690656441203,265,1193
"10","2020-03-10",0.234551183006261,1,0.000382525540328856,0.000714116164017469,0.4289375046944,0.180946928936122,0.387825655837211,0.00079875611167158,0.00149115442059645,165,1358
"11","2020-03-11",0.234551183006261,1,0.000382525540328856,0.000714116164017469,0.389994498018461,0.183438867831012,0.423831717027203,0.000953981274109772,0.0017809358492144,458,1816
"12","2020-03-12",0.234551183006261,1,0.000382525540328856,0.000714116164017469,0.351588557562012,0.184983731133263,0.46020808141361,0.00112305656339432,0.00209657332772166,537,2353
"13","2020-03-13",0.234551183006261,1,0.000382525540328856,0.000714116164017469,0.314264924855929,0.185259784301787,0.496730952772982,0.00130608286868656,0.00243825520061627,845,3198
"14","2020-03-14",0.234551183006261,1,0.000382525540328856,0.000714116164017469,0.27851002214633,0.184057165616586,0.533123757758407,0.00150306466207685,0.00280598981660093,986,4184
"15","2020-03-15",0.234551183006261,1,0.000382525540328856,0.000714116164017469,0.2447362041109,0.181271399006709,0.569078927169702,0.00171389401778775,0.003199575694901,1028,5212
"16","2020-03-15",0.00489169621141627,1,0.00731435088082931,0.00955005693947896,0.244041383192466,0.149042603954932,0.592200795709516,0.00596506137065792,0.00875015577242675,1028,5212
"17","2020-03-16",0.00489169621141627,1,0.00731435088082931,0.00955005693947896,0.243324814554052,0.122675495105975,0.609146659206221,0.0103619859162693,0.0144910452174817,1319,6531
"18","2020-03-17",0.00489169621141627,1,0.00731435088082931,0.00955005693947896,0.242593321537449,0.101101366595838,0.621072479979155,0.0148638638117399,0.020368968075819,1294,7825
"19","2020-03-18",0.00489169621141627,1,0.00731435088082931,0.00955005693947896,0.241852412917155,0.0834464235082721,0.628922970400547,0.0194375478352877,0.0263406453387389,1756,9581
"20","2020-03-19",0.00489169621141627,1,0.00731435088082931,0.00955005693947896,0.241106524419115,0.0689962323344043,0.633470127691193,0.0240561478851201,0.0323709676701689,2259,11840
"21","2020-03-20",0.00489169621141627,1,0.00731435088082931,0.00955005693947896,0.240359216748917,0.0571666547634584,0.635344740261939,0.0286978867690277,0.0384315014566593,2121,13961
"22","2020-03-21",0.00489169621141627,1,0.00731435088082931,0.00955005693947896,0.239613337722166,0.0474800827145358,0.635062147457771,0.0333451647212526,0.0444992673842764,1882,15843
"23","2020-03-22",0.00489169621141627,1,0.00731435088082931,0.00955005693947896,0.238871154846146,0.0395460079203929,0.633043300823102,0.037983794575685,0.0505557418346755,1801,17644
"24","2020-03-23",0.00489169621141627,1,0.00731435088082931,0.00955005693947896,0.238134463632705,0.0330451355716739,0.629631983868372,0.0426023764683001,0.0565860404589492,2291,19935
"25","2020-03-24",0.00489169621141627,1,0.00731435088082931,0.00955005693947896,0.237404676014105,0.0277163956426776,0.625108891023263,0.0471917866192329,0.0625782507007228,3062,22997
"26","2020-03-25",0.00489169621141627,1,0.00731435088082931,0.00955005693947896,0.236682892469215,0.0233463233791017,0.619703138663928,0.0517447593869038,0.0685228861008533,4107,27104
"27","2020-03-26",0.00489169621141627,1,0.00731435088082931,0.00955005693947896,0.235969960828628,0.019760376809795,0.613601676608137,0.0562555455819359,0.0744124401715064,4633,31737
"28","2020-03-27",0.00489169621141627,1,0.00731435088082931,0.00955005693947896,0.235266524196235,0.0168158379576358,0.606956983035534,0.0607196331316702,0.0802410216789262,5359,37096
"29","2020-03-28",0.00489169621141627,1,0.00731435088082931,0.00955005693947896,0.234573059985352,0.0143960088686541,0.599893355936128,0.0651335187231279,0.086004056486738,4224,41320
"30","2020-03-29",0.00489169621141627,1,0.00731435088082931,0.00955005693947896,0.233889911704941,0.0124054662712427,0.592512057077368,0.0694945211265412,0.0916980438199077,2848,44168
"31","2020-03-29",0.00932826421912308,1,0.0326747682701194,0.0098577829846181,0.232625128498529,0.0113022305549202,0.570157023238449,0.0884875040557506,0.0974281136523514,2848,44168
"32","2020-03-30",0.00932826421912308,1,0.0326747682701194,0.0098577829846181,0.231414649325762,0.0103497952342388,0.548532170112861,0.106761973178476,0.102941412148662,5159,49327
"33","2020-03-31",0.00932826421912308,1,0.0326747682701194,0.0098577829846181,0.23025613071923,0.00952294767165706,0.527634053268615,0.124341744027315,0.108245124313183,6661,55988
"34","2020-04-01",0.00932826421912308,1,0.0326747682701194,0.0098577829846181,0.229147308320701,0.00880097373345563,0.50745489319191,0.141250445815203,0.113346378938731,6102,62090
"35","2020-04-02",0.00932826421912308,1,0.0326747682701194,0.0098577829846181,0.228086000570632,0.00816683903648832,0.487983553208901,0.15751139632305,0.118252210860929,6673,68763
"36","2020-04-03",0.00932826421912308,1,0.0326747682701194,0.0098577829846181,0.227070110580965,0.00760652024906152,0.469206331660946,0.173147505602973,0.122969531906055,7398,76161
"37","2020-04-04",0.00932826421912308,1,0.0326747682701194,0.0098577829846181,0.226097626618508,0.00710845885998563,0.451107602638043,0.188181203007331,0.127505108876132,5837,81998
"38","2020-04-05",0.00932826421912308,1,0.0326747682701194,0.0098577829846181,0.225166621536925,0.00666311491089976,0.433670333263067,0.20263438306806,0.131865547221048,4812,86810
"39","2020-04-06",0.00932826421912308,1,0.0326747682701194,0.0098577829846181,0.224275251424197,0.0062626023306944,0.416876500369512,0.216528366578442,0.136057279297155,6435,93245
"40","2020-04-07",0.00932826421912308,1,0.0326747682701194,0.0098577829846181,0.223421753675657,0.00590039089042295,0.400707425213446,0.229883873904883,0.140086556315591,8173,101418
"41","2020-04-08",0.00932826421912308,1,0.0326747682701194,0.0098577829846181,0.222604444657459,0.00557106255363138,0.385144041431657,0.242721008107412,0.14395944324984,8469,109887
"42","2020-04-09",0.00932826421912308,1,0.0326747682701194,0.0098577829846181,0.221821717089367,0.00527011224557257,0.370167108659914,0.255059245897418,0.147681816107729,8180,118067
"43","2020-04-10",0.00932826421912308,1,0.0326747682701194,0.0098577829846181,0.221072037247074,0.00499378489906442,0.355757381941838,0.26691743482819,0.151259361083834,5702,123769
"44","2020-04-11",0.00932826421912308,1,0.0326747682701194,0.0098577829846181,0.22035394206157,0.00473894213122642,0.341895745195242,0.278313795413361,0.154697575198601,4891,128660
"45","2020-04-12",0.00932826421912308,1,0.0326747682701194,0.0098577829846181,0.219666036174973,0.00450295312629238,0.328563315481704,0.289265927112781,0.158001768104249,3250,131910
"46","2020-04-12",0.000692676170729101,1,0.0955518003581177,0.00917706813197583,0.219618514615917,0.00372970382679549,0.296671799044672,0.319111737441772,0.160868245070844,3250,131910
"47","2020-04-13",0.000692676170729101,1,0.0955518003581177,0.00917706813197583,0.219575619122715,0.00309243504398032,0.267818029598381,0.346057703530298,0.163456212704625,3215,135125
"48","2020-04-14",0.000692676170729101,1,0.0955518003581177,0.00917706813197583,0.21953690653886,0.00256689869643841,0.241723362033034,0.370380581296342,0.165792251435325,6173,141298
"49","2020-04-15",0.000692676170729101,1,0.0955518003581177,0.00917706813197583,0.219501974832017,0.00213320491728899,0.21813268770301,0.392331638783357,0.167900493764326,8476,149774
"50","2020-04-16",0.000692676170729101,1,0.0955518003581177,0.00917706813197583,0.219470459528176,0.00177503527182748,0.196812843232245,0.412138829015831,0.16980283295192,8381,158155
"51","2020-04-17",0.000692676170729101,1,0.0955518003581177,0.00917706813197583,0.219442030406113,0.00147899835879387,0.177551042341358,0.430008811705938,0.171519117187798,8288,166443
"52","2020-04-18",0.000692676170729101,1,0.0955518003581177,0.00917706813197583,0.219416388443418,0.00123410199346519,0.160153352869703,0.446128827129921,0.173067329563493,5605,172048
"53","2020-04-19",0.000692676170729101,1,0.0955518003581177,0.00917706813197583,0.219393263003055,0.00103132084989047,0.144443234528292,0.460668427281458,0.174463754337304,4027,176075
"54","2020-04-20",0.000692676170729101,1,0.0955518003581177,0.00917706813197583,0.219372409247977,0.000863242269793798,0.130260147746017,0.473781070636175,0.175723130100037,6567,182642
"55","2020-04-21",0.000692676170729101,1,0.0955518003581177,0.00917706813197583,0.219353605770459,0.000723776081022921,0.11745823997051,0.485605587652143,0.176858790525865,8341,190983
"56","2020-04-22",0.000692676170729101,1,0.0955518003581177,0.00917706813197583,0.219336652422459,0.000607916835007981,0.105905112720305,0.496267524585964,0.177882793436263,8818,199801
"57","2020-04-23",0.000692676170729101,1,0.0955518003581177,0.00917706813197583,0.219321368333241,0.000511548973722334,0.0954806703659121,0.505880373403012,0.178806038924112,7901,207702
"58","2020-04-24",0.000692676170729101,1,0.0955518003581177,0.00917706813197583,0.21930759010079,0.000431287156581691,0.0860760498899057,0.514546695567061,0.17963837728566,7129,214831
"59","2020-04-25",0.000692676170729101,1,0.0955518003581177,0.00917706813197583,0.219295170143903,0.000364345385722244,0.0775926296158525,0.52235914735941,0.180388707495112,4446,219277
"60","2020-04-26",0.000692676170729101,1,0.0955518003581177,0.00917706813197583,0.219283975202426,0.000308429720759673,0.0699411140027946,0.529401414140265,0.181065066933754,3381,222658
"61","2020-04-26",0.0101271498715505,1,0.0904213654336752,0.00985991350984353,0.219136166767161,0.000386263720881556,0.0633342424261199,0.53542177546333,0.181721551622508,3381,222658
"62","2020-04-27",0.0101271498715505,1,0.0904213654336752,0.00985991350984353,0.219002385293449,0.000437297445485338,0.0573698902771102,0.540874308931811,0.182316118052144,7754,230412
"63","2020-04-28",0.0101271498715505,1,0.0904213654336752,0.00985991350984353,0.218881255332057,0.000467633304797709,0.0519822622577928,0.545814078486583,0.182854770618769,8741,239153
"64","2020-04-29",0.0101271498715505,1,0.0904213654336752,0.00985991350984353,0.218771544265707,0.00048213833663157,0.047112878647788,0.550290536896415,0.183342901853458,7322,246475
"65","2020-04-30",0.0101271498715505,1,0.0904213654336752,0.00985991350984353,0.218672146084332,0.000484682812802845,0.0427096660575304,0.554348145088737,0.183785359956598,7396,253871
"66","2020-05-01",0.0101271498715505,1,0.0904213654336752,0.00985991350984353,0.218582067235639,0.000478333717540555,0.0387261758318404,0.558026915200602,0.184186508014379,4497,258368
"67","2020-05-02",0.0101271498715505,1,0.0904213654336752,0.00985991350984353,0.218500414249555,0.000465511550633612,0.0351209101813586,0.561362887963665,0.184550276054789,3885,262253
"68","2020-05-03",0.0101271498715505,1,0.0904213654336752,0.00985991350984353,0.218426382883949,0.000448117331656136,0.0318567394712058,0.564388553392057,0.184880206921134,3881,266134
"69","2020-05-04",0.0101271498715505,1,0.0904213654336752,0.00985991350984353,0.218359248579376,0.000427635398742627,0.0289003968576214,0.567133222372522,0.185179496791739,7756,273890
"70","2020-05-05",0.0101271498715505,1,0.0904213654336752,0.00985991350984353,0.218298358043861,0.000405216551385245,0.0262220387409974,0.569623355613831,0.185451031049926,9383,283273
"71","2020-05-06",0.0101271498715505,1,0.0904213654336752,0.00985991350984353,0.218243121816293,0.000381745237129351,0.023794861384835,0.571882855457497,0.185697416104246,8052,291325
"72","2020-05-07",0.0101271498715505,1,0.0904213654336752,0.00985991350984353,0.218193007679943,0.00035789379066876,0.0215947656059078,0.573933325251806,0.185921007671675,7599,298924
"73","2020-05-08",0.0101271498715505,1,0.0904213654336752,0.00985991350984353,0.218147534816693,0.000334166171245882,0.0196000627295478,0.575794300319265,0.186123935963248,4510,303434
"74","2020-05-09",0.0101271498715505,1,0.0904213654336752,0.00985991350984353,0.218106268608508,0.00031093318648302,0.017791216073053,0.57748345398205,0.186308128149906,3788,307222
"75","2020-05-10",0.0101271498715505,1,0.0904213654336752,0.00985991350984353,0.218068816006042,0.000288460818307641,0.0161506131087181,0.579016781632621,0.186475328434312,4052,311274
"76","2020-05-10",0.224197876586835,1,0.00245263103741186,0.00975372587330639,0.217282889327974,0.000948399272302632,0.0160800269965215,0.579056279438708,0.186632404964493,4052,311274
"77","2020-05-11",0.224197876586835,1,0.00245263103741186,0.00975372587330639,0.216500220116951,0.00148584663118878,0.0161287813804812,0.579095755771722,0.186789396099657,7809,319083
"78","2020-05-12",0.224197876586835,1,0.00245263103741186,0.00975372587330639,0.215715601029183,0.00192770842154944,0.0162738675449939,0.579135473957851,0.186947349046423,8755,327838
"79","2020-05-13",0.224197876586835,1,0.00245263103741186,0.00975372587330639,0.214924883019227,0.00229505778024043,0.0164972998142697,0.579175647301918,0.187107112084345,7687,335525
"80","2020-05-14",0.224197876586835,1,0.00245263103741186,0.00975372587330639,0.214124744149809,0.00260440135038114,0.0167850264512648,0.57921645001705,0.187269378031494,6902,342427
"81","2020-05-15",0.224197876586835,1,0.00245263103741186,0.00975372587330639,0.213312509700547,0.00286866941094474,0.0171260768171482,0.579258025784776,0.187434718286584,6790,349217
"82","2020-05-16",0.224197876586835,1,0.00245263103741186,0.00975372587330639,0.21248601211282,0.00309799057219635,0.0175118933647065,0.579300494459327,0.18760360949095,4197,353414
"83","2020-05-17",0.224197876586835,1,0.00245263103741186,0.00975372587330639,0.211643481921657,0.00330029807463603,0.0179358082763391,0.579343957318196,0.187776454409171,3553,356967
"84","2020-05-18",0.224197876586835,1,0.00245263103741186,0.00975372587330639,0.210783462824195,0.00348180439913815,0.0183926333234537,0.579388501173582,0.18795359827963,7458,364425
"85","2020-05-19",0.224197876586835,1,0.00245263103741186,0.00975372587330639,0.209904745569667,0.00364737285643909,0.0188783383682657,0.579434201591037,0.188135341614589,8336,372761
"86","2020-05-20",0.224197876586835,1,0.00245263103741186,0.00975372587330639,0.209006316539795,0.00380080855905026,0.0193897992762253,0.579481125408193,0.188321950216734,7518,380279
"87","2020-05-21",0.224197876586835,1,0.00245263103741186,0.00975372587330639,0.208087317804024,0.0039450862913772,0.0199246001872001,0.579529332704571,0.188513663012825,7290,387569
"88","2020-05-22",0.224197876586835,1,0.00245263103741186,0.00975372587330639,0.207147016143807,0.00408252897818837,0.0204808783623948,0.579578878340779,0.188710698174829,7748,395317
"89","2020-05-23",0.224197876586835,1,0.00245263103741186,0.00975372587330639,0.206184779091349,0.00421494747066168,0.0210572023812712,0.579629813159734,0.188913257896983,5059,400376
"90","2020-05-24",0.224197876586835,1,0.00245263103741186,0.00975372587330639,0.205200056456949,0.00434375003921639,0.0216524764639275,0.579682184922482,0.189121532117423,3849,404225
"91","2020-05-24",0.21219471214857,1,0.000876204234767825,0.00953515896198335,0.204245416297918,0.00442195374640389,0.0223001174313186,0.579701439996826,0.189331072527534,3849,404225
"92","2020-05-25",0.21219471214857,1,0.000876204234767825,0.00953515896198335,0.203267079013931,0.00450745988215405,0.0229573614586955,0.579721266644792,0.189546833000427,7508,411733
"93","2020-05-26",0.21219471214857,1,0.000876204234767825,0.00953515896198335,0.202264988957383,0.0045989957227995,0.0236254303444273,0.579741673835393,0.189768911139998,7241,418974
"94","2020-05-27",0.21219471214857,1,0.000876204234767825,0.00953515896198335,0.201239060305585,0.00469554642227658,0.0243053067554768,0.579762671499475,0.189997415017187,6846,425820
"95","2020-05-28",0.21219471214857,1,0.000876204234767825,0.00953515896198335,0.2001891876301,0.00479629872163969,0.0249977821784291,0.579784270342062,0.19023246112777,6013,431833
"96","2020-05-29",0.21219471214857,1,0.000876204234767825,0.00953515896198335,0.199115254447894,0.00490059668406716,0.0257034944205516,0.57980648169194,0.190474172755547,6113,437946
"97","2020-05-30",0.21219471214857,1,0.000876204234767825,0.00953515896198335,0.198017140190755,0.00500790688154553,0.0264229568949573,0.579829317380368,0.190722678652375,3548,441494
"98","2020-05-31",0.21219471214857,1,0.000876204234767825,0.00953515896198335,0.196894725934577,0.00511779101157826,0.0271565814459433,0.579852789642495,0.190978111965406,2141,443635
"99","2020-06-01",0.21219471214857,1,0.000876204234767825,0.00953515896198335,0.195747899155614,0.00522988435600994,0.0279046960951144,0.579876911036471,0.191240609356791,5721,449356
"100","2020-06-02",0.21219471214857,1,0.000876204234767825,0.00953515896198335,0.194576557722177,0.00534387883477698,0.0286675587939836,0.579901694376282,0.19151031027278,6478,455834
"101","2020-06-03",0.21219471214857,1,0.000876204234767825,0.00953515896198335,0.193380613284255,0.0054595096750419,0.0294453680370946,0.579927152675208,0.1917873563284,5313,461147
"102","2020-06-04",0.21219471214857,1,0.000876204234767825,0.00953515896198335,0.192159994187276,0.00557654492641277,0.0302382710077671,0.579953299097452,0.192071890781092,5011,466158
"103","2020-06-05",0.21219471214857,1,0.000876204234767825,0.00953515896198335,0.190914648007804,0.00569477721810577,0.0310463697856593,0.579980146916029,0.192364058072403,4173,470331
"104","2020-06-06",0.21219471214857,1,0.000876204234767825,0.00953515896198335,0.189644543786529,0.00581401728364665,0.0318697260331101,0.580007709475391,0.192664003421323,2150,472481
"105","2020-06-07",0.21219471214857,1,0.000876204234767825,0.00953515896198335,0.188349674016275,0.0059340888806217,0.0327083644890765,0.580036000157629,0.192971872456397,2127,474608
"106","2020-06-07",0.240080388437491,1,0.00336889443156381,0.00985244209412485,0.186859154243407,0.00620969796125796,0.0334857373115612,0.580147488046174,0.1932979224376,2127,474608
"107","2020-06-08",0.240080388437491,1,0.00336889443156381,0.00985244209412485,0.185344886320831,0.00645688820239177,0.0343047173026308,0.580261666655194,0.193631841518953,4684,479292
"108","2020-06-09",0.240080388437491,1,0.00336889443156381,0.00985244209412485,0.18380593254891,0.00668165622668998,0.0351597336646855,0.580378666414119,0.193974011145595,4552,483844
"109","2020-06-10",0.240080388437491,1,0.00336889443156381,0.00985244209412485,0.182241638226998,0.00688865602976759,0.0360463411291367,0.580498600960331,0.194324763653766,4068,487912
"110","2020-06-11",0.240080388437491,1,0.00336889443156381,0.00985244209412485,0.180651580568035,0.00708148846326887,0.0369609684080194,0.580621570490057,0.194684392070619,3739,491651
"111","2020-06-12",0.240080388437491,1,0.00336889443156381,0.00985244209412485,0.17903552904572,0.00726292792531728,0.0379007209578156,0.580747664357042,0.195053157714105,3726,495377
"112","2020-06-13",0.240080388437491,1,0.00336889443156381,0.00985244209412485,0.177393414613457,0.00743509995201768,0.0388632262855156,0.580876963081317,0.195431296067693,1652,497029
"113","2020-06-14",0.240080388437491,1,0.00336889443156381,0.00985244209412485,0.175725305800439,0.00759962041047649,0.0398465125919637,0.581009539895257,0.195819021301863,1121,498150
"114","2020-06-15",0.240080388437491,1,0.00336889443156381,0.00985244209412485,0.174031390129619,0.0077577046575821,0.0408489135522787,0.58114546192661,0.196216529733909,3673,501823
"115","2020-06-16",0.240080388437491,1,0.00336889443156381,0.00985244209412485,0.17231195964379,0.00791025320441016,0.0418689936004569,0.581284791096666,0.196624002454676,4023,505846
"116","2020-06-17",0.240080388437491,1,0.00336889443156381,0.00985244209412485,0.170567399591693,0.00805791900081911,0.0429054893108982,0.581427584794934,0.197041607301656,4036,509882
"117","2020-06-18",0.240080388437491,1,0.00336889443156381,0.00985244209412485,0.168798179533081,0.00820116034085667,0.0439572634282164,0.581573896378486,0.197469500319359,4403,514285
"118","2020-06-19",0.240080388437491,1,0.00336889443156381,0.00985244209412485,0.167004846283102,0.00834028251869682,0.0450232688466015,0.581723775533872,0.197907826817727,3574,517859
"119","2020-06-20",0.240080388437491,1,0.00336889443156381,0.00985244209412485,0.165188018242388,0.00847547068372658,0.046102520426691,0.581877268531401,0.198356722115793,1699,519558
"120","2020-06-21",0.240080388437491,1,0.00336889443156381,0.00985244209412485,0.16334838075784,0.00860681581058228,0.0471940729969381,0.582034418395305,0.198816312039333,1313,520871
"121","2020-06-21",0.237279468972702,1,0.000791344739587878,0.00926490383222699,0.161505428768686,0.00871742975455289,0.0484455312242552,0.582072259714712,0.199259350537794,1313,520871
"122","2020-06-22",0.237279468972702,1,0.000791344739587878,0.00926490383222699,0.159635673474735,0.00883227026192906,0.0497069318498267,0.582111095253872,0.199714029159636,3910,524781
"123","2020-06-23",0.237279468972702,1,0.000791344739587878,0.00926490383222699,0.157740149542086,0.00894963336520267,0.0509788410548782,0.582150933127505,0.200180442910329,4567,529348
"124","2020-06-24",0.237279468972702,1,0.000791344739587878,0.00926490383222699,0.155819901315557,0.00906811502627447,0.0522615113488864,0.582191781770099,0.200658690539183,4287,533635
"125","2020-06-25",0.237279468972702,1,0.000791344739587878,0.00926490383222699,0.153875992939354,0.00918654763954977,0.0535549378063113,0.582233649710823,0.201148871903961,4047,537682
"126","2020-06-26",0.237279468972702,1,0.000791344739587878,0.00926490383222699,0.151909515860646,0.00930395040849408,0.0548589025429779,0.582276545388082,0.2016510857998,4533,542215
"127","2020-06-27",0.237279468972702,1,0.000791344739587878,0.00926490383222699,0.149921594220184,0.0094194906257557,0.0561730100026917,0.58232047699549,0.202165428155878,2554,544769
"128","2020-06-28",0.237279468972702,1,0.000791344739587878,0.00926490383222699,0.147913388525249,0.00953245352355564,0.0574967150739595,0.582365452352812,0.202691990524422,2423,547192
"129","2020-06-29",0.237279468972702,1,0.000791344739587878,0.00926490383222699,0.145886097915534,0.0096422188604159,0.0588293456239291,0.582411478796855,0.203230858803265,4485,551677
"130","2020-06-30",0.237279468972702,1,0.000791344739587878,0.00926490383222699,0.143840961266876,0.00974824280202813,0.0601701206964561,0.582458563088397,0.203782112146242,4412,556089
"131","2020-07-01",0.237279468972702,1,0.000791344739587878,0.00926490383222699,0.141779257326919,0.00985004396137206,0.0615181653535926,0.582506711332141,0.204345822025974,4593,560682
"132","2020-07-02",0.237279468972702,1,0.000791344739587878,0.00926490383222699,0.139702304037565,0.00994719270429116,0.0628725229291581,0.582555928907339,0.204922051421647,4665,565347
"133","2020-07-03",0.237279468972702,1,0.000791344739587878,0.00926490383222699,0.137611457168981,0.010039303015915,0.064232165297109,0.582606220407292,0.205510854110703,5109,570456
"134","2020-07-04",0.237279468972702,1,0.000791344739587878,0.00926490383222699,0.135508108366929,0.0101260263717953,0.0655960016265714,0.582657589586352,0.206112274048351,1687,572143
"135","2020-07-05",0.237279468972702,1,0.000791344739587878,0.00926490383222699,0.133393682697702,0.0102070471741945,0.0669628859920975,0.582710039313381,0.206726344822623,1524,573667
"136","2020-07-05",0.243379196238994,1,0.00127540697086127,0.00964517791760991,0.131216353922815,0.010330335690342,0.0682784782086967,0.582796282109916,0.207378550068231,1524,573667
"137","2020-07-06",0.243379196238994,1,0.00127540697086127,0.00964517791760991,0.129033100601761,0.0104366269371791,0.0696025755871532,0.582884208616682,0.208043488257225,1714,575381
"138","2020-07-07",0.243379196238994,1,0.00127540697086127,0.00964517791760991,0.126845201394394,0.0105278416070292,0.0709319041525534,0.582973827548815,0.208721225297209,4159,579540
"139","2020-07-08",0.243379196238994,1,0.00127540697086127,0.00964517791760991,0.124654022192873,0.0106054734902866,0.0722635632336477,0.583065143693354,0.20941179738984,5406,584946
"140","2020-07-09",0.243379196238994,1,0.00127540697086127,0.00964517791760991,0.122460996515362,0.0106706845766514,0.0735949463413302,0.583158158332789,0.210115214233868,4682,589628
"141","2020-07-10",0.243379196238994,1,0.00127540697086127,0.00964517791760991,0.120267609020369,0.0107243801006276,0.0749236797458064,0.583252869579431,0.210831461553767,5333,594961
"142","2020-07-11",0.243379196238994,1,0.00127540697086127,0.00964517791760991,0.118075381465503,0.0107672677769975,0.0762475750109078,0.58334927264069,0.211560503105903,2321,597282
"143","2020-07-12",0.243379196238994,1,0.00127540697086127,0.00964517791760991,0.115885860590613,0.0107999045614194,0.0775645925347866,0.583447360031114,0.212302282282067,1787,599069
"144","2020-07-13",0.243379196238994,1,0.00127540697086127,0.00964517791760991,0.113700607526933,0.0108227335569034,0.0788728137676242,0.583547121743685,0.213056723404855,4424,603493
"145","2020-07-14",0.243379196238994,1,0.00127540697086127,0.00964517791760991,0.111521188428613,0.0108361131263429,0.0801704202654812,0.583648545390203,0.213823732789361,4802,608295
"146","2020-07-15",0.243379196238994,1,0.00127540697086127,0.00964517791760991,0.109349166096698,0.0108403398313385,0.0814556781236071,0.583751616318533,0.214603199629824,4694,612989
"147","2020-07-16",0.243379196238994,1,0.00127540697086127,0.00964517791760991,0.107186092422763,0.0108356664722638,0.0827269266348413,0.583856317712801,0.215394996757332,4730,617719
"148","2020-07-17",0.243379196238994,1,0.00127540697086127,0.00964517791760991,0.10503350152362,0.0108223162335297,0.0839825702567941,0.583962630681311,0.216198981304745,4727,622446
"149","2020-07-18",0.243379196238994,1,0.00127540697086127,0.00964517791760991,0.10289290347253,0.0108004937253226,0.0852210731590984,0.584070534335947,0.217014995307102,2334,624780
"150","2020-07-19",0.243379196238994,1,0.00127540697086127,0.00964517791760991,0.100765778558327,0.0107703935462074,0.0864409557700368,0.584180005865936,0.217842866259494,1830,626610
"151","2020-07-19",0.107246294617653,1,0.0441986173391342,0.0052097886800766,0.0998475096925322,0.0096498410992975,0.084262212525111,0.587952856216811,0.218287580466248,1830,626610
"152","2020-07-20",0.107246294617653,1,0.0441986173391342,0.0052097886800766,0.0989612736488629,0.00870337293860801,0.0819875331656298,0.591627143428842,0.218720676818057,5785,632395
"153","2020-07-21",0.107246294617653,1,0.0441986173391342,0.0052097886800766,0.0981071802666348,0.00789933906425117,0.0796522908048364,0.595199438708791,0.219141751155486,6089,638484
"154","2020-07-22",0.107246294617653,1,0.0441986173391342,0.0052097886800766,0.0972850107663171,0.00721212308734926,0.0772845917959857,0.59866771035319,0.219550563997159,6609,645093
"155","2020-07-23",0.107246294617653,1,0.0441986173391342,0.0052097886800766,0.0964943004949385,0.00662097382665667,0.0749066843820411,0.602031034813944,0.219947006482421,5557,650650
"156","2020-07-24",0.107246294617653,1,0.0441986173391342,0.0052097886800766,0.0957344038574446,0.00610906478429313,0.0725360946605686,0.605289363780853,0.220331072916842,6238,656888
"157","2020-07-25",0.107246294617653,1,0.0441986173391342,0.0052097886800766,0.0950045451271074,0.00566273685847775,0.0701865429273454,0.608443336443912,0.220702838643158,3337,660225
"158","2020-07-26",0.107246294617653,1,0.0441986173391342,0.0052097886800766,0.0943038580771599,0.00527088842152955,0.0678686830866183,0.611494128205989,0.221062442208704,1784,662009
"159","2020-07-27",0.107246294617653,1,0.0441986173391342,0.0052097886800766,0.0936314167734175,0.00492448393781416,0.0655906994763179,0.614443328812203,0.221410071000248,6552,668561
"160","2020-07-28",0.107246294617653,1,0.0441986173391342,0.0052097886800766,0.0929862593860522,0.00461615795631891,0.0633587887526661,0.617292844226939,0.221745949678024,7909,676470
"161","2020-07-29",0.107246294617653,1,0.0441986173391342,0.0052097886800766,0.0923674064946676,0.00433989585843353,0.061177549088856,0.620044817687854,0.22207033087019,7509,683979
"162","2020-07-30",0.107246294617653,1,0.0441986173391342,0.0052097886800766,0.0917738750552086,0.00409077639257956,0.0590502946084157,0.622701566250584,0.222383487693213,7623,691602
"163","2020-07-31",0.107246294617653,1,0.0441986173391342,0.0052097886800766,0.0912046889543706,0.00386476395991657,0.0569793094879669,0.625265529850125,0.222685707747621,8206,699808
"164","2020-03-01",0.234551183006261,1,0.000382525540328856,0.000714116164017469,0.695391520830795,0.249930482070215,0.0546471140440671,1.07724858762307e-05,2.01105690465863e-05,11,211
"165","2020-03-02",0.234551183006261,1,0.000382525540328856,0.000714116164017469,0.682727379809317,0.216213177782571,0.100942626664609,4.07471330204234e-05,7.60686104834691e-05,51,262
"166","2020-03-03",0.234551183006261,1,0.000382525540328856,0.000714116164017469,0.663515793971261,0.194521517171608,0.141712420737559,8.72973800714702e-05,0.000162970739501,78,340
"167","2020-03-04",0.234551183006261,1,0.000382525540328856,0.000714116164017469,0.638988865201578,0.181562646583853,0.179022114825961,0.000148725614038359,0.000277647774569274,67,407
"168","2020-03-05",0.234551183006261,1,0.000382525540328856,0.000714116164017469,0.610162926632452,0.174835200919741,0.214359673698605,0.00022400882855681,0.00041818992064559,76,483
"169","2020-03-06",0.234551183006261,1,0.000382525540328856,0.000714116164017469,0.577900521664944,0.172429737756592,0.248773549257381,0.00031260535503665,0.00058358596604602,111,594
"170","2020-03-07",0.234551183006261,1,0.000382525540328856,0.000714116164017469,0.542963265138414,0.172873711651464,0.282975267960051,0.000414307350350928,0.000773447899720613,193,787
"171","2020-03-08",0.234551183006261,1,0.000382525540328856,0.000714116164017469,0.506051395325043,0.175016643698685,0.31741503519493,0.000529127108559701,0.000987798672782646,141,928
"172","2020-03-09",0.234551183006261,1,0.000382525540328856,0.000714116164017469,0.467829231641023,0.177948876106851,0.352337777350847,0.000657208336868354,0.00122690656441203,265,1193
"173","2020-03-10",0.234551183006261,1,0.000382525540328856,0.000714116164017469,0.4289375046944,0.180946928936122,0.387825655837211,0.00079875611167158,0.00149115442059645,165,1358
"174","2020-03-11",0.234551183006261,1,0.000382525540328856,0.000714116164017469,0.389994498018461,0.183438867831012,0.423831717027203,0.000953981274109772,0.0017809358492144,458,1816
"175","2020-03-12",0.234551183006261,1,0.000382525540328856,0.000714116164017469,0.351588557562012,0.184983731133263,0.46020808141361,0.00112305656339432,0.00209657332772166,537,2353
"176","2020-03-13",0.234551183006261,1,0.000382525540328856,0.000714116164017469,0.314264924855929,0.185259784301787,0.496730952772982,0.00130608286868656,0.00243825520061627,845,3198
"177","2020-03-14",0.234551183006261,1,0.000382525540328856,0.000714116164017469,0.27851002214633,0.184057165616586,0.533123757758407,0.00150306466207685,0.00280598981660093,986,4184
"178","2020-03-15",0.234551183006261,1,0.000382525540328856,0.000714116164017469,0.2447362041109,0.181271399006709,0.569078927169702,0.00171389401778775,0.003199575694901,1028,5212
"179","2020-03-15",0.00489169621141627,1,0.00731435088082931,0.00955005693947896,0.244041383192466,0.149042603954932,0.592200795709516,0.00596506137065792,0.00875015577242675,1028,5212
"180","2020-03-16",0.00489169621141627,1,0.00731435088082931,0.00955005693947896,0.243324814554052,0.122675495105975,0.609146659206221,0.0103619859162693,0.0144910452174817,1319,6531
"181","2020-03-17",0.00489169621141627,1,0.00731435088082931,0.00955005693947896,0.242593321537449,0.101101366595838,0.621072479979155,0.0148638638117399,0.020368968075819,1294,7825
"182","2020-03-18",0.00489169621141627,1,0.00731435088082931,0.00955005693947896,0.241852412917155,0.0834464235082721,0.628922970400547,0.0194375478352877,0.0263406453387389,1756,9581
"183","2020-03-19",0.00489169621141627,1,0.00731435088082931,0.00955005693947896,0.241106524419115,0.0689962323344043,0.633470127691193,0.0240561478851201,0.0323709676701689,2259,11840
"184","2020-03-20",0.00489169621141627,1,0.00731435088082931,0.00955005693947896,0.240359216748917,0.0571666547634584,0.635344740261939,0.0286978867690277,0.0384315014566593,2121,13961
"185","2020-03-21",0.00489169621141627,1,0.00731435088082931,0.00955005693947896,0.239613337722166,0.0474800827145358,0.635062147457771,0.0333451647212526,0.0444992673842764,1882,15843
"186","2020-03-22",0.00489169621141627,1,0.00731435088082931,0.00955005693947896,0.238871154846146,0.0395460079203929,0.633043300823102,0.037983794575685,0.0505557418346755,1801,17644
"187","2020-03-23",0.00489169621141627,1,0.00731435088082931,0.00955005693947896,0.238134463632705,0.0330451355716739,0.629631983868372,0.0426023764683001,0.0565860404589492,2291,19935
"188","2020-03-24",0.00489169621141627,1,0.00731435088082931,0.00955005693947896,0.237404676014105,0.0277163956426776,0.625108891023263,0.0471917866192329,0.0625782507007228,3062,22997
"189","2020-03-25",0.00489169621141627,1,0.00731435088082931,0.00955005693947896,0.236682892469215,0.0233463233791017,0.619703138663928,0.0517447593869038,0.0685228861008533,4107,27104
"190","2020-03-26",0.00489169621141627,1,0.00731435088082931,0.00955005693947896,0.235969960828628,0.019760376809795,0.613601676608137,0.0562555455819359,0.0744124401715064,4633,31737
"191","2020-03-27",0.00489169621141627,1,0.00731435088082931,0.00955005693947896,0.235266524196235,0.0168158379576358,0.606956983035534,0.0607196331316702,0.0802410216789262,5359,37096
"192","2020-03-28",0.00489169621141627,1,0.00731435088082931,0.00955005693947896,0.234573059985352,0.0143960088686541,0.599893355936128,0.0651335187231279,0.086004056486738,4224,41320
"193","2020-03-29",0.00489169621141627,1,0.00731435088082931,0.00955005693947896,0.233889911704941,0.0124054662712427,0.592512057077368,0.0694945211265412,0.0916980438199077,2848,44168
"194","2020-03-29",0.00932826421912308,1,0.0326747682701194,0.0098577829846181,0.232625128498529,0.0113022305549202,0.570157023238449,0.0884875040557506,0.0974281136523514,2848,44168
"195","2020-03-30",0.00932826421912308,1,0.0326747682701194,0.0098577829846181,0.231414649325762,0.0103497952342388,0.548532170112861,0.106761973178476,0.102941412148662,5159,49327
"196","2020-03-31",0.00932826421912308,1,0.0326747682701194,0.0098577829846181,0.23025613071923,0.00952294767165706,0.527634053268615,0.124341744027315,0.108245124313183,6661,55988
"197","2020-04-01",0.00932826421912308,1,0.0326747682701194,0.0098577829846181,0.229147308320701,0.00880097373345563,0.50745489319191,0.141250445815203,0.113346378938731,6102,62090
"198","2020-04-02",0.00932826421912308,1,0.0326747682701194,0.0098577829846181,0.228086000570632,0.00816683903648832,0.487983553208901,0.15751139632305,0.118252210860929,6673,68763
"199","2020-04-03",0.00932826421912308,1,0.0326747682701194,0.0098577829846181,0.227070110580965,0.00760652024906152,0.469206331660946,0.173147505602973,0.122969531906055,7398,76161
"200","2020-04-04",0.00932826421912308,1,0.0326747682701194,0.0098577829846181,0.226097626618508,0.00710845885998563,0.451107602638043,0.188181203007331,0.127505108876132,5837,81998
"201","2020-04-05",0.00932826421912308,1,0.0326747682701194,0.0098577829846181,0.225166621536925,0.00666311491089976,0.433670333263067,0.20263438306806,0.131865547221048,4812,86810
"202","2020-04-06",0.00932826421912308,1,0.0326747682701194,0.0098577829846181,0.224275251424197,0.0062626023306944,0.416876500369512,0.216528366578442,0.136057279297155,6435,93245
"203","2020-04-07",0.00932826421912308,1,0.0326747682701194,0.0098577829846181,0.223421753675657,0.00590039089042295,0.400707425213446,0.229883873904883,0.140086556315591,8173,101418
"204","2020-04-08",0.00932826421912308,1,0.0326747682701194,0.0098577829846181,0.222604444657459,0.00557106255363138,0.385144041431657,0.242721008107412,0.14395944324984,8469,109887
"205","2020-04-09",0.00932826421912308,1,0.0326747682701194,0.0098577829846181,0.221821717089367,0.00527011224557257,0.370167108659914,0.255059245897418,0.147681816107729,8180,118067
"206","2020-04-10",0.00932826421912308,1,0.0326747682701194,0.0098577829846181,0.221072037247074,0.00499378489906442,0.355757381941838,0.26691743482819,0.151259361083834,5702,123769
"207","2020-04-11",0.00932826421912308,1,0.0326747682701194,0.0098577829846181,0.22035394206157,0.00473894213122642,0.341895745195242,0.278313795413361,0.154697575198601,4891,128660
"208","2020-04-12",0.00932826421912308,1,0.0326747682701194,0.0098577829846181,0.219666036174973,0.00450295312629238,0.328563315481704,0.289265927112781,0.158001768104249,3250,131910
"209","2020-04-12",0.000692676170729101,1,0.0955518003581177,0.00917706813197583,0.219618514615917,0.00372970382679549,0.296671799044672,0.319111737441772,0.160868245070844,3250,131910
"210","2020-04-13",0.000692676170729101,1,0.0955518003581177,0.00917706813197583,0.219575619122715,0.00309243504398032,0.267818029598381,0.346057703530298,0.163456212704625,3215,135125
"211","2020-04-14",0.000692676170729101,1,0.0955518003581177,0.00917706813197583,0.21953690653886,0.00256689869643841,0.241723362033034,0.370380581296342,0.165792251435325,6173,141298
"212","2020-04-15",0.000692676170729101,1,0.0955518003581177,0.00917706813197583,0.219501974832017,0.00213320491728899,0.21813268770301,0.392331638783357,0.167900493764326,8476,149774
"213","2020-04-16",0.000692676170729101,1,0.0955518003581177,0.00917706813197583,0.219470459528176,0.00177503527182748,0.196812843232245,0.412138829015831,0.16980283295192,8381,158155
"214","2020-04-17",0.000692676170729101,1,0.0955518003581177,0.00917706813197583,0.219442030406113,0.00147899835879387,0.177551042341358,0.430008811705938,0.171519117187798,8288,166443
"215","2020-04-18",0.000692676170729101,1,0.0955518003581177,0.00917706813197583,0.219416388443418,0.00123410199346519,0.160153352869703,0.446128827129921,0.173067329563493,5605,172048
"216","2020-04-19",0.000692676170729101,1,0.0955518003581177,0.00917706813197583,0.219393263003055,0.00103132084989047,0.144443234528292,0.460668427281458,0.174463754337304,4027,176075
"217","2020-04-20",0.000692676170729101,1,0.0955518003581177,0.00917706813197583,0.219372409247977,0.000863242269793798,0.130260147746017,0.473781070636175,0.175723130100037,6567,182642
"218","2020-04-21",0.000692676170729101,1,0.0955518003581177,0.00917706813197583,0.219353605770459,0.000723776081022921,0.11745823997051,0.485605587652143,0.176858790525865,8341,190983
"219","2020-04-22",0.000692676170729101,1,0.0955518003581177,0.00917706813197583,0.219336652422459,0.000607916835007981,0.105905112720305,0.496267524585964,0.177882793436263,8818,199801
"220","2020-04-23",0.000692676170729101,1,0.0955518003581177,0.00917706813197583,0.219321368333241,0.000511548973722334,0.0954806703659121,0.505880373403012,0.178806038924112,7901,207702
"221","2020-04-24",0.000692676170729101,1,0.0955518003581177,0.00917706813197583,0.21930759010079,0.000431287156581691,0.0860760498899057,0.514546695567061,0.17963837728566,7129,214831
"222","2020-04-25",0.000692676170729101,1,0.0955518003581177,0.00917706813197583,0.219295170143903,0.000364345385722244,0.0775926296158525,0.52235914735941,0.180388707495112,4446,219277
"223","2020-04-26",0.000692676170729101,1,0.0955518003581177,0.00917706813197583,0.219283975202426,0.000308429720759673,0.0699411140027946,0.529401414140265,0.181065066933754,3381,222658
"224","2020-04-26",0.0101271498715505,1,0.0904213654336752,0.00985991350984353,0.219136166767161,0.000386263720881556,0.0633342424261199,0.53542177546333,0.181721551622508,3381,222658
"225","2020-04-27",0.0101271498715505,1,0.0904213654336752,0.00985991350984353,0.219002385293449,0.000437297445485338,0.0573698902771102,0.540874308931811,0.182316118052144,7754,230412
"226","2020-04-28",0.0101271498715505,1,0.0904213654336752,0.00985991350984353,0.218881255332057,0.000467633304797709,0.0519822622577928,0.545814078486583,0.182854770618769,8741,239153
"227","2020-04-29",0.0101271498715505,1,0.0904213654336752,0.00985991350984353,0.218771544265707,0.00048213833663157,0.047112878647788,0.550290536896415,0.183342901853458,7322,246475
"228","2020-04-30",0.0101271498715505,1,0.0904213654336752,0.00985991350984353,0.218672146084332,0.000484682812802845,0.0427096660575304,0.554348145088737,0.183785359956598,7396,253871
"229","2020-05-01",0.0101271498715505,1,0.0904213654336752,0.00985991350984353,0.218582067235639,0.000478333717540555,0.0387261758318404,0.558026915200602,0.184186508014379,4497,258368
"230","2020-05-02",0.0101271498715505,1,0.0904213654336752,0.00985991350984353,0.218500414249555,0.000465511550633612,0.0351209101813586,0.561362887963665,0.184550276054789,3885,262253
"231","2020-05-03",0.0101271498715505,1,0.0904213654336752,0.00985991350984353,0.218426382883949,0.000448117331656136,0.0318567394712058,0.564388553392057,0.184880206921134,3881,266134
"232","2020-05-04",0.0101271498715505,1,0.0904213654336752,0.00985991350984353,0.218359248579376,0.000427635398742627,0.0289003968576214,0.567133222372522,0.185179496791739,7756,273890
"233","2020-05-05",0.0101271498715505,1,0.0904213654336752,0.00985991350984353,0.218298358043861,0.000405216551385245,0.0262220387409974,0.569623355613831,0.185451031049926,9383,283273
"234","2020-05-06",0.0101271498715505,1,0.0904213654336752,0.00985991350984353,0.218243121816293,0.000381745237129351,0.023794861384835,0.571882855457497,0.185697416104246,8052,291325
"235","2020-05-07",0.0101271498715505,1,0.0904213654336752,0.00985991350984353,0.218193007679943,0.00035789379066876,0.0215947656059078,0.573933325251806,0.185921007671675,7599,298924
"236","2020-05-08",0.0101271498715505,1,0.0904213654336752,0.00985991350984353,0.218147534816693,0.000334166171245882,0.0196000627295478,0.575794300319265,0.186123935963248,4510,303434
"237","2020-05-09",0.0101271498715505,1,0.0904213654336752,0.00985991350984353,0.218106268608508,0.00031093318648302,0.017791216073053,0.57748345398205,0.186308128149906,3788,307222
"238","2020-05-10",0.0101271498715505,1,0.0904213654336752,0.00985991350984353,0.218068816006042,0.000288460818307641,0.0161506131087181,0.579016781632621,0.186475328434312,4052,311274
"239","2020-05-10",0.224197876586835,1,0.00245263103741186,0.00975372587330639,0.217282889327974,0.000948399272302632,0.0160800269965215,0.579056279438708,0.186632404964493,4052,311274
"240","2020-05-11",0.224197876586835,1,0.00245263103741186,0.00975372587330639,0.216500220116951,0.00148584663118878,0.0161287813804812,0.579095755771722,0.186789396099657,7809,319083
"241","2020-05-12",0.224197876586835,1,0.00245263103741186,0.00975372587330639,0.215715601029183,0.00192770842154944,0.0162738675449939,0.579135473957851,0.186947349046423,8755,327838
"242","2020-05-13",0.224197876586835,1,0.00245263103741186,0.00975372587330639,0.214924883019227,0.00229505778024043,0.0164972998142697,0.579175647301918,0.187107112084345,7687,335525
"243","2020-05-14",0.224197876586835,1,0.00245263103741186,0.00975372587330639,0.214124744149809,0.00260440135038114,0.0167850264512648,0.57921645001705,0.187269378031494,6902,342427
"244","2020-05-15",0.224197876586835,1,0.00245263103741186,0.00975372587330639,0.213312509700547,0.00286866941094474,0.0171260768171482,0.579258025784776,0.187434718286584,6790,349217
"245","2020-05-16",0.224197876586835,1,0.00245263103741186,0.00975372587330639,0.21248601211282,0.00309799057219635,0.0175118933647065,0.579300494459327,0.18760360949095,4197,353414
"246","2020-05-17",0.224197876586835,1,0.00245263103741186,0.00975372587330639,0.211643481921657,0.00330029807463603,0.0179358082763391,0.579343957318196,0.187776454409171,3553,356967
"247","2020-05-18",0.224197876586835,1,0.00245263103741186,0.00975372587330639,0.210783462824195,0.00348180439913815,0.0183926333234537,0.579388501173582,0.18795359827963,7458,364425
"248","2020-05-19",0.224197876586835,1,0.00245263103741186,0.00975372587330639,0.209904745569667,0.00364737285643909,0.0188783383682657,0.579434201591037,0.188135341614589,8336,372761
"249","2020-05-20",0.224197876586835,1,0.00245263103741186,0.00975372587330639,0.209006316539795,0.00380080855905026,0.0193897992762253,0.579481125408193,0.188321950216734,7518,380279
"250","2020-05-21",0.224197876586835,1,0.00245263103741186,0.00975372587330639,0.208087317804024,0.0039450862913772,0.0199246001872001,0.579529332704571,0.188513663012825,7290,387569
"251","2020-05-22",0.224197876586835,1,0.00245263103741186,0.00975372587330639,0.207147016143807,0.00408252897818837,0.0204808783623948,0.579578878340779,0.188710698174829,7748,395317
"252","2020-05-23",0.224197876586835,1,0.00245263103741186,0.00975372587330639,0.206184779091349,0.00421494747066168,0.0210572023812712,0.579629813159734,0.188913257896983,5059,400376
"253","2020-05-24",0.224197876586835,1,0.00245263103741186,0.00975372587330639,0.205200056456949,0.00434375003921639,0.0216524764639275,0.579682184922482,0.189121532117423,3849,404225
"254","2020-05-24",0.21219471214857,1,0.000876204234767825,0.00953515896198335,0.204245416297918,0.00442195374640389,0.0223001174313186,0.579701439996826,0.189331072527534,3849,404225
"255","2020-05-25",0.21219471214857,1,0.000876204234767825,0.00953515896198335,0.203267079013931,0.00450745988215405,0.0229573614586955,0.579721266644792,0.189546833000427,7508,411733
"256","2020-05-26",0.21219471214857,1,0.000876204234767825,0.00953515896198335,0.202264988957383,0.0045989957227995,0.0236254303444273,0.579741673835393,0.189768911139998,7241,418974
"257","2020-05-27",0.21219471214857,1,0.000876204234767825,0.00953515896198335,0.201239060305585,0.00469554642227658,0.0243053067554768,0.579762671499475,0.189997415017187,6846,425820
"258","2020-05-28",0.21219471214857,1,0.000876204234767825,0.00953515896198335,0.2001891876301,0.00479629872163969,0.0249977821784291,0.579784270342062,0.19023246112777,6013,431833
"259","2020-05-29",0.21219471214857,1,0.000876204234767825,0.00953515896198335,0.199115254447894,0.00490059668406716,0.0257034944205516,0.57980648169194,0.190474172755547,6113,437946
"260","2020-05-30",0.21219471214857,1,0.000876204234767825,0.00953515896198335,0.198017140190755,0.00500790688154553,0.0264229568949573,0.579829317380368,0.190722678652375,3548,441494
"261","2020-05-31",0.21219471214857,1,0.000876204234767825,0.00953515896198335,0.196894725934577,0.00511779101157826,0.0271565814459433,0.579852789642495,0.190978111965406,2141,443635
"262","2020-06-01",0.21219471214857,1,0.000876204234767825,0.00953515896198335,0.195747899155614,0.00522988435600994,0.0279046960951144,0.579876911036471,0.191240609356791,5721,449356
"263","2020-06-02",0.21219471214857,1,0.000876204234767825,0.00953515896198335,0.194576557722177,0.00534387883477698,0.0286675587939836,0.579901694376282,0.19151031027278,6478,455834
"264","2020-06-03",0.21219471214857,1,0.000876204234767825,0.00953515896198335,0.193380613284255,0.0054595096750419,0.0294453680370946,0.579927152675208,0.1917873563284,5313,461147
"265","2020-06-04",0.21219471214857,1,0.000876204234767825,0.00953515896198335,0.192159994187276,0.00557654492641277,0.0302382710077671,0.579953299097452,0.192071890781092,5011,466158
"266","2020-06-05",0.21219471214857,1,0.000876204234767825,0.00953515896198335,0.190914648007804,0.00569477721810577,0.0310463697856593,0.579980146916029,0.192364058072403,4173,470331
"267","2020-06-06",0.21219471214857,1,0.000876204234767825,0.00953515896198335,0.189644543786529,0.00581401728364665,0.0318697260331101,0.580007709475391,0.192664003421323,2150,472481
"268","2020-06-07",0.21219471214857,1,0.000876204234767825,0.00953515896198335,0.188349674016275,0.0059340888806217,0.0327083644890765,0.580036000157629,0.192971872456397,2127,474608
"269","2020-06-07",0.240080388437491,1,0.00336889443156381,0.00985244209412485,0.186859154243407,0.00620969796125796,0.0334857373115612,0.580147488046174,0.1932979224376,2127,474608
"270","2020-06-08",0.240080388437491,1,0.00336889443156381,0.00985244209412485,0.185344886320831,0.00645688820239177,0.0343047173026308,0.580261666655194,0.193631841518953,4684,479292
"271","2020-06-09",0.240080388437491,1,0.00336889443156381,0.00985244209412485,0.18380593254891,0.00668165622668998,0.0351597336646855,0.580378666414119,0.193974011145595,4552,483844
"272","2020-06-10",0.240080388437491,1,0.00336889443156381,0.00985244209412485,0.182241638226998,0.00688865602976759,0.0360463411291367,0.580498600960331,0.194324763653766,4068,487912
"273","2020-06-11",0.240080388437491,1,0.00336889443156381,0.00985244209412485,0.180651580568035,0.00708148846326887,0.0369609684080194,0.580621570490057,0.194684392070619,3739,491651
"274","2020-06-12",0.240080388437491,1,0.00336889443156381,0.00985244209412485,0.17903552904572,0.00726292792531728,0.0379007209578156,0.580747664357042,0.195053157714105,3726,495377
"275","2020-06-13",0.240080388437491,1,0.00336889443156381,0.00985244209412485,0.177393414613457,0.00743509995201768,0.0388632262855156,0.580876963081317,0.195431296067693,1652,497029
"276","2020-06-14",0.240080388437491,1,0.00336889443156381,0.00985244209412485,0.175725305800439,0.00759962041047649,0.0398465125919637,0.581009539895257,0.195819021301863,1121,498150
"277","2020-06-15",0.240080388437491,1,0.00336889443156381,0.00985244209412485,0.174031390129619,0.0077577046575821,0.0408489135522787,0.58114546192661,0.196216529733909,3673,501823
"278","2020-06-16",0.240080388437491,1,0.00336889443156381,0.00985244209412485,0.17231195964379,0.00791025320441016,0.0418689936004569,0.581284791096666,0.196624002454676,4023,505846
"279","2020-06-17",0.240080388437491,1,0.00336889443156381,0.00985244209412485,0.170567399591693,0.00805791900081911,0.0429054893108982,0.581427584794934,0.197041607301656,4036,509882
"280","2020-06-18",0.240080388437491,1,0.00336889443156381,0.00985244209412485,0.168798179533081,0.00820116034085667,0.0439572634282164,0.581573896378486,0.197469500319359,4403,514285
"281","2020-06-19",0.240080388437491,1,0.00336889443156381,0.00985244209412485,0.167004846283102,0.00834028251869682,0.0450232688466015,0.581723775533872,0.197907826817727,3574,517859
"282","2020-06-20",0.240080388437491,1,0.00336889443156381,0.00985244209412485,0.165188018242388,0.00847547068372658,0.046102520426691,0.581877268531401,0.198356722115793,1699,519558
"283","2020-06-21",0.240080388437491,1,0.00336889443156381,0.00985244209412485,0.16334838075784,0.00860681581058228,0.0471940729969381,0.582034418395305,0.198816312039333,1313,520871
"284","2020-06-21",0.237279468972702,1,0.000791344739587878,0.00926490383222699,0.161505428768686,0.00871742975455289,0.0484455312242552,0.582072259714712,0.199259350537794,1313,520871
"285","2020-06-22",0.237279468972702,1,0.000791344739587878,0.00926490383222699,0.159635673474735,0.00883227026192906,0.0497069318498267,0.582111095253872,0.199714029159636,3910,524781
"286","2020-06-23",0.237279468972702,1,0.000791344739587878,0.00926490383222699,0.157740149542086,0.00894963336520267,0.0509788410548782,0.582150933127505,0.200180442910329,4567,529348
"287","2020-06-24",0.237279468972702,1,0.000791344739587878,0.00926490383222699,0.155819901315557,0.00906811502627447,0.0522615113488864,0.582191781770099,0.200658690539183,4287,533635
"288","2020-06-25",0.237279468972702,1,0.000791344739587878,0.00926490383222699,0.153875992939354,0.00918654763954977,0.0535549378063113,0.582233649710823,0.201148871903961,4047,537682
"289","2020-06-26",0.237279468972702,1,0.000791344739587878,0.00926490383222699,0.151909515860646,0.00930395040849408,0.0548589025429779,0.582276545388082,0.2016510857998,4533,542215
"290","2020-06-27",0.237279468972702,1,0.000791344739587878,0.00926490383222699,0.149921594220184,0.0094194906257557,0.0561730100026917,0.58232047699549,0.202165428155878,2554,544769
"291","2020-06-28",0.237279468972702,1,0.000791344739587878,0.00926490383222699,0.147913388525249,0.00953245352355564,0.0574967150739595,0.582365452352812,0.202691990524422,2423,547192
"292","2020-06-29",0.237279468972702,1,0.000791344739587878,0.00926490383222699,0.145886097915534,0.0096422188604159,0.0588293456239291,0.582411478796855,0.203230858803265,4485,551677
"293","2020-06-30",0.237279468972702,1,0.000791344739587878,0.00926490383222699,0.143840961266876,0.00974824280202813,0.0601701206964561,0.582458563088397,0.203782112146242,4412,556089
"294","2020-07-01",0.237279468972702,1,0.000791344739587878,0.00926490383222699,0.141779257326919,0.00985004396137206,0.0615181653535926,0.582506711332141,0.204345822025974,4593,560682
"295","2020-07-02",0.237279468972702,1,0.000791344739587878,0.00926490383222699,0.139702304037565,0.00994719270429116,0.0628725229291581,0.582555928907339,0.204922051421647,4665,565347
"296","2020-07-03",0.237279468972702,1,0.000791344739587878,0.00926490383222699,0.137611457168981,0.010039303015915,0.064232165297109,0.582606220407292,0.205510854110703,5109,570456
"297","2020-07-04",0.237279468972702,1,0.000791344739587878,0.00926490383222699,0.135508108366929,0.0101260263717953,0.0655960016265714,0.582657589586352,0.206112274048351,1687,572143
"298","2020-07-05",0.237279468972702,1,0.000791344739587878,0.00926490383222699,0.133393682697702,0.0102070471741945,0.0669628859920975,0.582710039313381,0.206726344822623,1524,573667
"299","2020-07-05",0.243379196238994,1,0.00127540697086127,0.00964517791760991,0.131216353922815,0.010330335690342,0.0682784782086967,0.582796282109916,0.207378550068231,1524,573667
"300","2020-07-06",0.243379196238994,1,0.00127540697086127,0.00964517791760991,0.129033100601761,0.0104366269371791,0.0696025755871532,0.582884208616682,0.208043488257225,1714,575381
"301","2020-07-07",0.243379196238994,1,0.00127540697086127,0.00964517791760991,0.126845201394394,0.0105278416070292,0.0709319041525534,0.582973827548815,0.208721225297209,4159,579540
"302","2020-07-08",0.243379196238994,1,0.00127540697086127,0.00964517791760991,0.124654022192873,0.0106054734902866,0.0722635632336477,0.583065143693354,0.20941179738984,5406,584946
"303","2020-07-09",0.243379196238994,1,0.00127540697086127,0.00964517791760991,0.122460996515362,0.0106706845766514,0.0735949463413302,0.583158158332789,0.210115214233868,4682,589628
"304","2020-07-10",0.243379196238994,1,0.00127540697086127,0.00964517791760991,0.120267609020369,0.0107243801006276,0.0749236797458064,0.583252869579431,0.210831461553767,5333,594961
"305","2020-07-11",0.243379196238994,1,0.00127540697086127,0.00964517791760991,0.118075381465503,0.0107672677769975,0.0762475750109078,0.58334927264069,0.211560503105903,2321,597282
"306","2020-07-12",0.243379196238994,1,0.00127540697086127,0.00964517791760991,0.115885860590613,0.0107999045614194,0.0775645925347866,0.583447360031114,0.212302282282067,1787,599069
"307","2020-07-13",0.243379196238994,1,0.00127540697086127,0.00964517791760991,0.113700607526933,0.0108227335569034,0.0788728137676242,0.583547121743685,0.213056723404855,4424,603493
"308","2020-07-14",0.243379196238994,1,0.00127540697086127,0.00964517791760991,0.111521188428613,0.0108361131263429,0.0801704202654812,0.583648545390203,0.213823732789361,4802,608295
"309","2020-07-15",0.243379196238994,1,0.00127540697086127,0.00964517791760991,0.109349166096698,0.0108403398313385,0.0814556781236071,0.583751616318533,0.214603199629824,4694,612989
"310","2020-07-16",0.243379196238994,1,0.00127540697086127,0.00964517791760991,0.107186092422763,0.0108356664722638,0.0827269266348413,0.583856317712801,0.215394996757332,4730,617719
"311","2020-07-17",0.243379196238994,1,0.00127540697086127,0.00964517791760991,0.10503350152362,0.0108223162335297,0.0839825702567941,0.583962630681311,0.216198981304745,4727,622446
"312","2020-07-18",0.243379196238994,1,0.00127540697086127,0.00964517791760991,0.10289290347253,0.0108004937253226,0.0852210731590984,0.584070534335947,0.217014995307102,2334,624780
"313","2020-07-19",0.243379196238994,1,0.00127540697086127,0.00964517791760991,0.100765778558327,0.0107703935462074,0.0864409557700368,0.584180005865936,0.217842866259494,1830,626610
"314","2020-07-19",0.107246294617653,1,0.0441986173391342,0.0052097886800766,0.0998475096925322,0.0096498410992975,0.084262212525111,0.587952856216811,0.218287580466248,1830,626610
"315","2020-07-20",0.107246294617653,1,0.0441986173391342,0.0052097886800766,0.0989612736488629,0.00870337293860801,0.0819875331656298,0.591627143428842,0.218720676818057,5785,632395
"316","2020-07-21",0.107246294617653,1,0.0441986173391342,0.0052097886800766,0.0981071802666348,0.00789933906425117,0.0796522908048364,0.595199438708791,0.219141751155486,6089,638484
"317","2020-07-22",0.107246294617653,1,0.0441986173391342,0.0052097886800766,0.0972850107663171,0.00721212308734926,0.0772845917959857,0.59866771035319,0.219550563997159,6609,645093
"318","2020-07-23",0.107246294617653,1,0.0441986173391342,0.0052097886800766,0.0964943004949385,0.00662097382665667,0.0749066843820411,0.602031034813944,0.219947006482421,5557,650650
"319","2020-07-24",0.107246294617653,1,0.0441986173391342,0.0052097886800766,0.0957344038574446,0.00610906478429313,0.0725360946605686,0.605289363780853,0.220331072916842,6238,656888
"320","2020-07-25",0.107246294617653,1,0.0441986173391342,0.0052097886800766,0.0950045451271074,0.00566273685847775,0.0701865429273454,0.608443336443912,0.220702838643158,3337,660225
"321","2020-07-26",0.107246294617653,1,0.0441986173391342,0.0052097886800766,0.0943038580771599,0.00527088842152955,0.0678686830866183,0.611494128205989,0.221062442208704,1784,662009
"322","2020-07-27",0.107246294617653,1,0.0441986173391342,0.0052097886800766,0.0936314167734175,0.00492448393781416,0.0655906994763179,0.614443328812203,0.221410071000248,6552,668561
"323","2020-07-28",0.107246294617653,1,0.0441986173391342,0.0052097886800766,0.0929862593860522,0.00461615795631891,0.0633587887526661,0.617292844226939,0.221745949678024,7909,676470
"324","2020-07-29",0.107246294617653,1,0.0441986173391342,0.0052097886800766,0.0923674064946676,0.00433989585843353,0.061177549088856,0.620044817687854,0.22207033087019,7509,683979
"325","2020-07-30",0.107246294617653,1,0.0441986173391342,0.0052097886800766,0.0917738750552086,0.00409077639257956,0.0590502946084157,0.622701566250584,0.222383487693213,7623,691602
"326","2020-07-31",0.107246294617653,1,0.0441986173391342,0.0052097886800766,0.0912046889543706,0.00386476395991657,0.0569793094879669,0.625265529850125,0.222685707747621,8206,699808
