"","V1","V2","V3","V4","V5","V6"
"1",5.17566785093e-06,6.30838502901723e-06,3.31431934953406e-06,1.79438875264332e-05,2.47552101494061e-05,0.000178080676904342
"2",8.15908743145495e-06,6.69048207047327e-06,4.91215291626055e-06,2.20128777589533e-05,6.05998893633241e-05,0.000171656710966334
"3",4.1837461972761e-06,1.57443392697436e-06,1.72240329929537e-05,1.09877673437405e-05,5.44252795910456e-05,0.000130500413776422
"4",4.90309737683763e-06,1.53223643317175e-06,7.72932989066056e-06,2.09771758026609e-05,1.06088021861469e-05,0.000111819599938453
"5",7.93332981802217e-06,1.07121475713647e-05,7.6142225267685e-06,2.59217245290785e-06,3.43321253011067e-05,0.000194184974396017
"6",4.81849181537723e-06,6.95315956829553e-06,1.75838956438463e-05,1.05060222274375e-05,4.30380758582966e-05,0.000102068557709542
"7",3.80619006731758e-06,2.09510530390349e-06,1.08661393900913e-05,1.99528351039709e-05,2.19954837521146e-05,7.72189990593195e-05
"8",3.31285673029603e-06,3.39997025866992e-06,5.25033795308574e-06,1.87087605589592e-05,1.41568298545228e-05,7.96129869987261e-05
"9",1.22818008442309e-06,3.56199811244386e-06,9.66542471797888e-06,8.66721303895062e-06,1.42772035236986e-05,5.28259754774332e-06
"10",7.13726161080535e-06,3.30461803622899e-06,1.20268530000529e-05,1.96177042144399e-05,6.00533567800496e-05,2.82025333032649e-05
"11",2.96072356273578e-06,3.70085906692703e-06,6.312323396721e-06,2.2305656201265e-05,4.26908931754853e-05,4.7931881708255e-05
"12",5.63174504186001e-06,6.64041678027654e-06,1.17129952539967e-05,1.08666034706865e-05,1.84731766907304e-05,7.94980355348974e-05
"13",1.95616726756329e-06,3.55711727000607e-06,6.83316377103894e-06,4.80219292003798e-06,6.39200689242608e-05,0.000275906171805369
"14",1.19892190921983e-06,3.64703872803799e-06,3.85554763934308e-06,1.93391771110589e-05,4.44826847849075e-05,5.64302228355171e-05
"15",2.86816145597221e-06,3.5415693056844e-06,1.11388613607168e-05,1.01096595270142e-05,3.26568395671046e-05,0.000137360969938644
"16",2.52936602024203e-06,1.13245203856002e-05,5.31221976806425e-06,2.1499157686381e-05,4.84737436241273e-05,9.38459375171148e-05
"17",5.53947870496806e-06,3.06287068471703e-06,2.52577064704184e-05,6.58676918996826e-06,3.0404116969135e-05,0.000157784980580797
"18",4.59504910368276e-06,2.55354570632693e-06,1.82350357149383e-05,1.5171930792669e-05,3.58341687707548e-05,4.18633914928191e-05
"19",2.54981801423554e-06,3.61090797571853e-06,1.78254341672673e-05,2.08521423055967e-05,2.80600524278903e-05,0.000123628561906698
"20",8.65564488611088e-06,1.23210258050947e-06,9.75882226141258e-06,3.07785772498126e-05,6.89434179918077e-05,8.71376286847972e-05
"21",8.56934748586562e-06,3.3126087951112e-06,3.861496409852e-06,2.29335030534956e-05,1.93587949457268e-05,0.000116407800121865
"22",2.76240419293229e-06,4.23413117640794e-06,1.06085460260024e-05,1.62936478454158e-05,5.65893513717388e-05,5.82389822828977e-05
"23",2.14733639293405e-06,3.74259581665099e-06,9.72723138702716e-06,9.18735959851051e-06,2.34334958676874e-05,0.000116091664281892
"24",4.74007769023475e-06,5.7096779446256e-06,1.30077324595563e-05,1.58646110264656e-05,2.38657030763456e-05,0.000127567850572809
"25",7.83518764203211e-06,4.09547107912951e-06,9.78426598172733e-06,1.31278613745955e-05,2.38211391113031e-05,0.00023730033929515
"26",4.3409514755209e-06,9.68428539637918e-06,1.10104617416144e-05,9.49112443058623e-06,2.6695059293181e-05,9.268845417693e-05
"27",9.62115565606616e-06,2.18239401104725e-06,7.68970479074841e-06,1.29328821554814e-05,2.13888122463249e-05,0.000107758858949556
"28",5.29875400144861e-06,5.14717522356471e-06,1.566567311828e-05,1.75898191694928e-05,8.1514082300973e-05,6.76533525381793e-05
"29",2.50688347944505e-06,1.60909014288851e-06,9.18510916749195e-06,1.47814705613575e-05,1.62340626713549e-05,0.000170054221781325
"30",2.70347926497756e-06,1.24621316605852e-06,1.46777379165408e-05,3.9881474692436e-06,3.03203804368603e-05,0.000178448700971374
"31",3.83902751508028e-06,4.65473754532795e-06,4.67084591951182e-06,1.66653081393844e-05,7.04661214134179e-05,4.16253646370756e-05
"32",3.38895513438996e-06,3.11248784482835e-06,5.46339552445886e-06,1.36876732696098e-05,2.80631215369284e-05,0.000128742641450863
"33",2.55381142184198e-06,4.87324404991074e-06,5.81897500043044e-06,1.16416222030895e-05,3.4932433799837e-05,9.73074125037831e-05
"34",2.03497700980332e-06,1.87010851405009e-06,7.30319262622441e-06,1.47632993155284e-05,3.35110402006946e-05,0.000101434962751638
"35",1.98865272949218e-06,9.29281163321275e-06,7.1567550032619e-06,1.92551318417738e-05,5.39207086263595e-05,0.000107457520434475
"36",4.19401400921912e-06,3.58623802910858e-06,1.42766441083723e-05,2.46105609734713e-05,4.79451468873293e-05,0.000115289938469868
"37",2.34296272628223e-06,3.55093247128485e-06,1.64749520811108e-06,2.41675139507888e-05,3.81504894901943e-05,0.000150486730266895
"38",3.72408057724359e-06,2.19594668599671e-06,3.47989682976803e-06,2.51177663392649e-05,1.44381399658995e-05,0.000486270761193235
"39",3.32643960648906e-06,1.20848081676524e-05,1.57273525524418e-05,4.11255552198455e-06,3.43330035355246e-05,4.52192413319389e-05
"40",5.24084865071675e-06,6.14912603407277e-06,6.67529206458145e-06,7.72959065789364e-06,3.64531091798703e-05,0.000174206657222501
"41",2.83466149061155e-06,3.76837590232888e-06,1.2494102993948e-05,1.37995334176027e-05,3.6554815284771e-05,0.000102071220918926
"42",5.4809490569437e-06,6.08071973695194e-06,1.86942542824422e-05,3.95479741477778e-05,2.27064114959011e-05,0.000174039902107859
"43",1.43901579311583e-06,1.3752329444229e-06,2.39050567488252e-06,2.41925827267442e-05,1.83827446269505e-05,6.73715149481392e-05
"44",3.50037842911708e-06,6.0965562425392e-06,9.2655284152693e-06,1.01727227014819e-05,3.15427236487412e-05,0.000167528636113022
"45",4.48343103510695e-06,4.4934333122434e-06,1.54454648660619e-06,1.14977643781904e-05,5.49928517119355e-05,0.00015143809597065
"46",1.11362134796134e-05,3.39795312008129e-06,7.30384417550203e-06,2.36465461967388e-05,2.71031721843029e-05,0.00021780750842652
"47",2.89107416378574e-06,1.04985444193594e-05,8.83692795508976e-06,6.25316747707919e-06,5.77774354493332e-05,0.000176443222960486
"48",3.29320012756142e-06,2.22274944159576e-06,3.48285203126653e-06,2.50688625962935e-05,2.56032543925685e-05,9.74629196366852e-05
"49",2.91219181317448e-06,9.63730052669226e-07,8.82940979496851e-06,4.01202149527304e-06,6.95103859684133e-05,0.000181150143293639
"50",2.21734311651673e-06,3.60598781297576e-06,5.14820215764564e-06,1.19549170822166e-05,6.53795282386311e-05,5.64656109695764e-05
"51",3.34516895045895e-06,4.48109396621543e-06,5.15803120979343e-06,2.73037382048266e-05,1.17993390788813e-05,0.000188169739642458
"52",2.45622597370032e-06,3.56770259468013e-06,9.85059065046441e-06,1.08153195487793e-05,1.07399136417252e-05,0.000239059383050339
"53",7.74006379217087e-07,7.09848624899243e-06,4.50942730030696e-06,2.34489797399156e-05,6.81285867364429e-05,4.24730924355105e-05
"54",2.64314332632809e-06,2.63059285353729e-06,3.38100461271492e-06,4.05875227150071e-06,3.89088384980185e-05,0.000165527789116263
"55",4.99960457195715e-06,5.83899922109224e-06,3.74153482539325e-06,2.74159918033564e-05,4.96563539966687e-05,2.53741262946429e-05
"56",2.97426710182388e-06,1.2032018643402e-06,5.41365070921489e-06,1.95832157193157e-05,1.66214239659913e-05,0.000143994512815316
"57",2.61527094141732e-06,5.73866808904559e-06,1.58378044533237e-05,8.04062040284975e-06,2.57272119436778e-05,6.34472042197974e-06
"58",1.65273865372566e-06,2.81152650462567e-06,1.34890371890144e-05,9.87736120655138e-06,1.09328952371195e-05,5.03161685701282e-05
"59",2.78241282559623e-06,6.49048069900225e-06,1.53063704047369e-05,1.15107405312919e-05,3.71564220208906e-05,6.90183147346315e-05
"60",3.99599459997943e-06,3.03029987822381e-06,1.03581498879348e-05,2.57010762288474e-05,4.68823302954479e-05,0.000147125114113011
"61",6.5064898472876e-06,7.78151612573135e-06,8.07885324156258e-06,2.61060377875761e-05,1.19786632460983e-05,0.000142259605233884
"62",3.28944129108836e-06,5.3931674807219e-06,2.48435911700071e-06,1.22576672344055e-05,2.44735839925049e-05,0.000112855127398231
"63",3.29451712296377e-06,2.9873310279857e-06,4.74301145454203e-06,2.68687346600313e-06,3.90435765493023e-05,8.56704430142795e-05
"64",6.75881804552586e-06,4.34565527654673e-06,7.57404260515115e-06,6.71052306291974e-06,2.07021650103129e-05,0.000165787468577401
"65",7.26705555878605e-06,8.14137887465068e-07,1.06928270476313e-05,6.63594588539456e-06,5.55849420196223e-05,5.88107721208608e-05
"66",7.59829631770066e-07,2.73624356675316e-06,3.71121801443985e-06,1.00327221660472e-05,9.10477849400637e-05,2.64989840193684e-05
"67",6.82713476125088e-06,6.1994907577837e-06,1.11005286844086e-05,3.25074774086175e-05,4.53532252328612e-05,7.61011018153215e-05
"68",2.89660123264315e-06,3.74012199008876e-06,6.48573318384666e-06,6.92656280138993e-06,4.08065629663218e-05,8.82418990235814e-05
"69",5.300009891299e-06,2.60825206669051e-06,1.39114198385656e-05,7.67751730114186e-06,2.16563922145522e-05,0.000254865090124041
"70",1.13352829119049e-06,8.82877802025298e-06,1.39711297733851e-05,1.49689905961318e-05,6.39241359944603e-05,0.000122198052223047
"71",2.46911761988997e-06,8.35472585142618e-06,2.11585412139158e-06,1.38716694619946e-05,2.11244237183811e-05,0.000164897081970125
"72",3.19314466931519e-06,1.30321990056521e-06,8.39620619298226e-06,1.26166374688078e-05,3.06945836856263e-05,0.000115199197586131
"73",2.82349448347293e-06,4.14578815722511e-06,8.35805539500446e-06,3.82821602630249e-05,4.49878610276563e-05,7.31548883782882e-05
"74",6.15400828526302e-06,3.39349114835395e-06,8.34366340070314e-06,1.14110293530137e-05,4.0949908209312e-05,0.00010377799549917
"75",3.81005596119981e-06,2.36626295044203e-06,3.53717663654328e-06,2.45518708440904e-05,1.39726284302135e-05,0.000450852718931642
"76",5.47451675243806e-06,7.22444781591216e-06,9.76852607063352e-06,1.79407015055543e-05,3.74163378091868e-05,8.94074434900627e-05
"77",2.66006344304322e-06,1.82564218810919e-06,5.31596882572918e-06,1.83731777592867e-05,1.92456914757594e-05,8.83453204360969e-05
"78",1.27477494744599e-06,3.40052693319799e-06,8.72099656423006e-06,6.03024901180098e-06,3.97545487019397e-05,4.78616953045502e-05
"79",3.58400206906421e-06,5.78083521923916e-06,2.0198539007984e-05,2.19113054069818e-05,3.83422784726666e-05,0.000101805431310338
"80",1.01785969498145e-06,3.08311209066172e-06,6.94279013504071e-06,1.11253872787229e-05,5.83802899629692e-05,0.000117610128749592
"81",1.54180271076856e-06,5.95953810935107e-06,1.26827571696573e-05,1.05457574208981e-05,2.67237743638775e-05,0.000238061417861578
"82",8.44793456683861e-07,1.65651415904691e-05,2.33925218106265e-05,1.92791527338711e-05,1.57368978530693e-05,4.48856429276894e-05
"83",1.16590218775368e-06,5.36228792000844e-06,7.84444368113301e-06,1.58774591264325e-05,1.24985694264919e-05,0.000161329725279138
"84",2.70330457872724e-06,5.54067905401872e-06,1.04677583195364e-05,1.51490416344637e-05,1.59954058873525e-05,0.000231461819419369
"85",1.65566665613688e-06,1.64605331086627e-06,2.17770508132381e-06,3.80631285346262e-06,5.08774036872392e-05,0.000138780859945628
"86",4.60736118028339e-06,3.41928201868088e-06,9.35456201127783e-06,1.36786803315478e-05,1.28592227252209e-05,9.51244557684557e-05
"87",3.199974636465e-06,2.40360142627829e-06,1.01556420713048e-05,1.84153954115427e-05,2.67678721871286e-05,6.65888792216561e-05
"88",5.1968812957917e-06,7.13340477880888e-07,6.65935488663943e-06,5.09312737118511e-06,5.93649850104804e-05,6.20258381481531e-05
"89",2.34779456072592e-06,3.41338674867212e-06,8.69211012401864e-06,1.40109262356076e-05,5.06232864164147e-05,0.000130519689921964
"90",1.45133187001854e-06,1.33285705685269e-05,8.13591822435437e-06,4.4467832566952e-06,1.9361544516648e-05,0.000146408870599057
"91",5.06922324512728e-06,9.90731612065757e-06,1.11985006760656e-05,9.04867159256741e-06,2.36868896089515e-05,0.000124468298337275
"92",2.26057399657001e-06,5.77653052895493e-06,2.88912527950827e-06,1.48479428435228e-05,6.23529546837204e-05,0.000239234715984847
"93",2.38279840127264e-06,2.40080082452876e-06,6.85851126999379e-06,2.09263339922922e-05,2.666247519681e-05,0.000275152084756946
"94",3.29071950082051e-06,2.16687193446042e-06,6.52715273864163e-06,2.52674064555773e-05,4.23869623650788e-05,0.000124561025962803
"95",2.90257489312971e-06,1.20145841485985e-05,5.12276609961008e-06,1.74281107394904e-05,1.13800499340843e-05,0.000184933970668189
"96",5.89572594734113e-06,7.00232760414783e-06,9.88817439031527e-06,2.26717532952802e-05,4.08017619560374e-05,0.00017196256942006
"97",8.46372375243895e-06,4.98716131970533e-06,1.88100766092904e-05,1.54223795368852e-05,4.89033210941798e-05,4.30962213990581e-05
"98",5.44571548333395e-06,1.62920492710656e-06,2.20376002571813e-06,1.04891570375084e-05,3.85552206345309e-05,0.000169467233640737
"99",4.79013839921308e-06,4.21211615832729e-06,3.17727885014243e-06,1.91203386821824e-05,1.95798006070678e-05,6.0673986867858e-05
"100",2.74532233965929e-06,1.16616386673147e-06,5.39201180158226e-06,2.95168708649732e-05,1.49091464751736e-05,0.000146060092655748
"101",1.51776194473493e-06,5.56130584718144e-06,4.2281880683493e-06,1.86530181923453e-05,1.55055734303581e-05,4.86256109732358e-05
"102",1.064188633552e-05,1.89941783241333e-06,1.52971766297352e-05,2.31355731426744e-05,3.46806349925996e-05,0.000181210618192912
"103",1.36461861935504e-06,9.07037244414835e-06,7.12620355725522e-06,1.4351819273488e-05,5.23702870923955e-05,0.000172384325928885
"104",1.14038331568255e-06,5.97804802695748e-06,6.6022553965976e-06,1.69145714431087e-05,4.56562310937586e-05,0.00019981842433436
"105",9.93266121843576e-06,2.56002958924678e-06,3.71866699118397e-06,1.61444626918536e-05,1.56749405642979e-05,8.25940670734198e-05
"106",4.6846520846302e-06,2.57170558137195e-06,8.81442349676224e-06,1.57299550018601e-05,4.55958737984682e-05,0.000115265224928812
"107",7.7082449342146e-07,8.8618002560267e-06,8.07551477272403e-06,1.70760928803933e-05,3.30230502742067e-05,0.000106193933896279
"108",2.22232538530152e-06,2.36016505636251e-06,8.42916418407979e-06,2.80060017735929e-05,3.07352534203297e-05,0.000316884317480536
"109",2.99517851344604e-06,9.29972006649928e-07,1.244357788409e-05,2.75484033334865e-05,3.84716276024914e-05,0.000101632208396905
"110",3.56434342146228e-06,2.73153741557063e-06,8.79790229405312e-07,1.08771766247114e-05,2.54696552975127e-05,8.85313271908243e-05
"111",5.45467282933353e-06,3.59852382973977e-06,1.14831420361182e-05,1.90666096753658e-05,3.51439956305857e-05,8.90384231628047e-05
"112",1.1292086977403e-05,6.56455894798927e-06,8.91110659212682e-06,1.40442200718651e-05,3.94572451081208e-05,0.000193921076462058
"113",3.87989764021401e-06,1.66776224082529e-06,3.86182650685004e-06,2.66637101204112e-05,2.08554962389111e-05,0.000216057997510568
"114",4.92606646867186e-06,6.75849780546934e-06,1.51284997210474e-05,1.13479410501364e-05,1.85366399895084e-05,0.000179722288618461
"115",1.24528519994853e-06,1.06094215220993e-05,1.69511821005609e-05,1.889623647052e-05,3.42832199807538e-05,0.00010446438476106
"116",3.70049126316281e-06,5.94387276839512e-06,6.92971638215146e-06,1.137948056333e-05,1.76986759835955e-05,9.91295765012668e-05
"117",2.68994308444651e-06,8.00623795582923e-06,3.17497783231216e-06,1.28973031086731e-05,5.93391185591166e-05,9.59346522463267e-05
"118",2.54507343171211e-06,6.31666811591265e-06,9.11630271552274e-06,9.02429352332146e-06,3.40336575050264e-05,8.93156165778498e-06
"119",4.99083566866595e-06,1.25790351301581e-05,7.00448694678904e-06,2.08134435014339e-05,5.59491942436525e-05,0.000141986205612485
"120",6.69984994949307e-06,9.81381619988133e-06,1.25257316487297e-05,1.03611852682701e-05,2.56299757409442e-05,8.82989344193229e-05
"121",1.688049955064e-06,1.32799263175574e-05,5.10873716897213e-06,1.27815414191387e-05,1.23231949662335e-05,0.000218312607835154
"122",5.76306562734773e-06,3.74940973523713e-06,1.19460565807805e-05,1.09029403286232e-05,2.45541318303927e-05,0.00011419737715808
"123",2.01529789547374e-06,4.35491248007039e-06,1.17629546477776e-05,1.28824875484032e-05,6.50512740161196e-05,0.000169149072777081
"124",2.27365145106662e-06,5.79118978457137e-06,1.76846765565042e-05,7.84401702163358e-06,3.23593124987801e-05,0.000133416471742928
"125",2.25953053029381e-06,5.43870030764605e-06,1.56598555116222e-05,1.12699624382873e-05,2.2015555929844e-05,3.403727272583e-05
"126",6.34873606403631e-06,1.22210885567566e-05,6.54541322796114e-06,3.61215689601518e-06,5.38243820851115e-05,5.56132632471774e-05
"127",2.89308240522443e-06,5.80020674558187e-06,3.11081496500417e-06,9.10754055140696e-06,3.19946602493393e-05,0.000167759126010097
"128",4.34966265782301e-06,6.61954453305924e-06,6.12912712566794e-06,1.57805189741743e-05,1.61645212279589e-05,0.000198561780808411
"129",4.22269793744259e-06,6.52820666719039e-06,9.18686470301343e-06,1.91482779980408e-05,1.11208210621378e-05,0.000147815820812456
"130",2.86020864801422e-06,4.3109270367197e-06,6.99620306631166e-06,1.74848492532334e-05,3.39521122045588e-05,9.82757977152716e-05
"131",8.41769890561427e-06,6.76420650117228e-06,5.38068154020541e-06,2.22918722669063e-05,1.14075295977654e-05,5.0989817962857e-05
"132",8.62811143439506e-06,9.95552847783487e-06,1.89431560440784e-05,2.25395033678987e-05,2.60456811745972e-05,0.000136136327062533
"133",5.00047035297135e-06,4.02924402640361e-06,1.64773140038983e-05,1.60398749133629e-05,1.51512848759285e-05,5.29960985262357e-05
"134",2.17224990550025e-06,4.81024978404658e-06,1.11220113369085e-05,1.16622946003387e-05,1.46493120497842e-05,0.000319493415379039
"135",1.55910434191734e-06,4.79095107697179e-06,6.83098594576617e-06,1.18077789530025e-05,1.93180141462075e-05,0.00014813366422934
"136",2.06019002048257e-06,1.23586874484763e-06,8.68974250893302e-06,1.60581968312952e-05,5.34933145867709e-05,0.000125925176691907
"137",2.11940297554474e-06,3.41010753346137e-06,1.55456496733852e-05,4.86510741432382e-06,1.43006747843515e-05,5.4461810410413e-06
"138",3.05676641388275e-06,1.85246350575027e-06,1.87743167132817e-05,2.62658766734458e-05,2.30622141867607e-05,5.29476031030554e-05
"139",1.34700117796674e-06,1.48987035124784e-06,1.25623637178626e-05,7.83959134400443e-06,3.7620424558191e-05,0.00010127443706312
"140",2.61335348073295e-06,7.74917455711048e-06,1.18540211330111e-05,1.91828363919157e-05,5.03984206159853e-05,6.18685674308438e-05
"141",2.18659810800329e-06,1.19623476529809e-05,9.77705842997132e-06,1.72344152979299e-05,4.21980398143882e-05,0.000241818677006126
"142",3.61908631052338e-06,1.41662045000186e-06,9.76737963853083e-06,2.48172583862319e-05,2.96582214298684e-05,0.000197677762593039
"143",8.6193537310388e-07,4.94511356101297e-06,9.16380327501587e-06,1.34593945681681e-05,1.56738293780679e-05,0.000199899407741329
"144",2.34952830254523e-06,3.41090038541714e-06,1.64866228802786e-05,1.18189082190598e-05,4.83829180154535e-05,0.000183854149542221
"145",1.61036472797708e-06,7.37634044176626e-06,8.7999139102244e-06,6.76154967701396e-06,1.45128457164576e-05,6.06608337076613e-05
"146",4.38302923545772e-06,9.68147435528479e-06,8.46810572828289e-06,2.00584716120579e-05,5.6115428280897e-05,0.000138902024842967
"147",3.44997518866791e-06,4.24894575521299e-06,4.26784147285847e-06,1.56427737275616e-05,6.45275028595412e-05,6.17357587100244e-05
"148",5.59548891413039e-06,7.22316273938863e-07,8.54508297239937e-06,7.70158929342183e-06,3.26789887385034e-05,0.000118245911056946
"149",4.29503952232412e-06,7.38237349181022e-06,7.66430166628006e-06,4.80751319281881e-06,1.82533868331121e-05,0.000146411777512784
"150",6.82731810642881e-06,1.19404198857454e-05,9.37565899738066e-06,1.95042336403456e-05,2.31354859506184e-05,0.000109486878262841
"151",8.02988748156624e-06,5.4195745158522e-06,1.10344356530231e-05,2.60086782117627e-05,4.04542317721347e-05,0.000336022118870609
"152",3.35699683715599e-06,1.03508175011133e-05,3.21826480104974e-06,4.25234004074961e-06,4.7443208150471e-05,0.000135702761719981
"153",3.67259880351287e-06,6.18070909348583e-06,1.25863334339075e-05,1.91204132760441e-05,3.39835990146686e-05,0.000180791953321685
"154",1.24772733545472e-05,3.0193414163974e-06,2.46370069283961e-05,6.9241886212425e-06,3.18912653854255e-05,0.000127410310083237
"155",3.50524623273888e-06,4.72831155692598e-06,1.09461909162674e-05,2.80613609664445e-05,3.739876532618e-05,9.11711026502753e-05
"156",2.02909218594976e-06,4.46804730686715e-06,9.21842333783569e-06,1.57543842136385e-05,3.57567175956353e-05,0.000171775804583201
"157",1.0946172095988e-05,5.24712112465422e-06,1.86002386561663e-05,5.59030358382675e-06,2.78150855589869e-05,9.97763844494254e-05
"158",6.02173263301229e-06,3.77645671200133e-06,6.74377523994583e-06,1.72300351069536e-05,3.32294802502159e-05,0.00019101827781416
"159",8.68215095031984e-06,6.69616427057202e-06,3.29554182067178e-06,7.86654313629658e-06,3.45171921428607e-05,0.00029857137124521
"160",9.45110412968701e-06,3.07000586556448e-06,6.8971220808054e-06,1.62869646268849e-05,3.79629417966295e-05,0.000182569283911705
"161",3.25416307977687e-06,2.84989094528638e-06,7.86265454371043e-06,1.22704042310683e-05,1.13276575650166e-05,0.000210781476113131
"162",3.26123963775075e-06,5.45651599820292e-06,5.39538533677238e-06,1.36553855630594e-05,2.01517927381642e-05,0.000174484591605231
"163",3.1107628070662e-06,1.19647963244375e-05,5.29938902604803e-06,1.38858464727836e-05,1.53955496267086e-05,0.000176272407886275
"164",3.05623443301256e-06,4.10162422222827e-06,1.12086384758149e-05,1.98989634427284e-05,5.57783382758655e-05,0.000187852383058715
"165",3.0901838312312e-06,8.84878561964609e-06,5.52205302819234e-06,1.3281494234191e-05,5.10071712675722e-05,0.000119411102019917
"166",2.41026057925258e-06,1.09784707022608e-05,1.08957347421187e-05,1.77924757743903e-05,2.08627514930121e-05,8.32270353616785e-05
"167",4.89787423580533e-06,1.20895606464692e-06,7.0196225283294e-06,1.48847030526274e-05,6.00949931911818e-05,9.7997916338546e-05
"168",2.14644673174271e-06,8.05259097647611e-06,1.47026921248669e-05,2.30680268483179e-05,2.19228889888657e-05,0.000179624050728682
"169",6.50960451056594e-06,3.8888079392431e-06,4.2513650242065e-06,1.85878544185207e-05,1.49761620451697e-05,9.89161346906422e-05
"170",4.28396121142253e-06,7.64366160897481e-06,1.71201501227975e-06,5.44243899237654e-06,2.35474869871262e-05,0.00010608977247599
"171",3.10715738200135e-06,1.51469266428921e-06,1.1549639892298e-05,1.2859657693863e-05,2.00055240009919e-05,4.05558956219523e-05
"172",6.47669886835649e-06,5.33234753688043e-06,1.09186302669364e-05,1.05675063997109e-05,1.21756861860139e-05,0.000120836720964565
"173",9.5486642381981e-07,2.72787946923392e-06,9.6132295736271e-06,3.69939733007331e-05,9.42244505917038e-05,9.68717294206793e-05
"174",6.29179725392302e-06,3.80847892119781e-06,1.00198547982741e-05,1.22604835731048e-05,2.39688135782419e-05,0.000243666688536751
"175",4.27922132641814e-06,2.62779123919804e-06,9.05967659216354e-06,2.64048209619192e-05,1.02051916489647e-05,0.000144557072206912
"176",5.17693531091947e-06,2.63368848813491e-06,2.90551189303839e-06,2.16834172182908e-05,4.8000985648309e-05,0.000138746361173098
"177",3.29916489423458e-06,3.12810608230586e-06,4.69576040242206e-06,6.59367982046239e-06,3.72819413647382e-05,5.05831641034131e-05
"178",2.47096604835197e-06,4.35364212294452e-06,1.07531707567392e-05,1.41914712153421e-05,2.73083097867825e-05,4.35023068069749e-05
"179",4.00210442743188e-06,3.35737207668273e-06,7.40268522615355e-06,7.79213260011621e-06,3.43190538669308e-05,0.000139365977717565
"180",1.24242605523454e-06,2.76642258506242e-06,1.99644059644598e-06,5.37173901634499e-06,1.28654120672205e-05,6.04636051445442e-05
"181",3.59869601874135e-06,1.7317252010603e-06,5.29171535288324e-06,8.43503651085182e-06,5.2335090489402e-05,0.000116341660664095
"182",4.19598458121351e-06,1.93579430287154e-06,1.64570542935744e-05,1.83941932065767e-05,2.6749248442083e-05,0.000168204179664692
"183",2.48985786400567e-06,1.20688036680598e-05,1.84419760928935e-05,5.54630048427014e-06,5.70661655080065e-05,0.000195490943922957
"184",1.43881174796115e-06,4.23214752176303e-06,4.03664199179999e-06,1.14775177186868e-05,4.67022694637811e-05,4.48683945847221e-05
"185",4.66920644133318e-06,5.39936718557148e-06,8.10709624754212e-06,1.39001845865005e-05,3.86775146551103e-05,0.000260430521229882
"186",2.8321097127325e-06,8.29508941048958e-06,3.15920404405466e-06,4.21594920212951e-05,3.21489916647226e-05,0.000148191772149682
"187",5.13803962503151e-06,4.61043069509457e-06,9.78738704928141e-06,4.08924252636559e-06,1.92755991802346e-05,0.000113723417469776
"188",3.56604929225024e-06,3.71418305288283e-06,5.18880331687044e-06,2.09264540997693e-05,3.9697255020527e-05,2.56281594403467e-05
"189",2.19056873733479e-06,2.00897381871489e-06,8.8454582955721e-06,1.58531414818361e-05,3.15584395712146e-05,0.000112354783836324
"190",2.11499905379545e-06,4.59549894561389e-06,4.63721214823385e-06,3.49232488131633e-06,3.50669412324491e-05,0.000214321401549039
"191",3.43702105901508e-06,3.499177506453e-06,4.05683193407603e-06,4.25859249189774e-06,2.94280730696012e-05,9.14038598784215e-05
"192",2.32847741818242e-06,1.46021162638041e-06,2.83927664549034e-06,8.62289165521713e-06,7.3506316798935e-05,0.000317095532036033
"193",4.54029867493045e-06,2.8519323075006e-06,4.42638630367166e-06,1.64515454611683e-05,3.24416853011699e-05,9.70343026584003e-05
"194",1.73948106736465e-06,4.88092937151818e-06,1.07924291542105e-05,1.08815330488799e-05,2.66009930463623e-05,0.000132460575326936
"195",3.49677024301821e-06,4.12372363801287e-06,7.15174495599202e-06,7.3796505504359e-06,3.46893750569796e-05,0.0003111037168132
"196",4.19177763783126e-06,1.32997623274354e-06,1.45080077258851e-05,1.48909535311867e-05,2.95018185854365e-05,0.000171079633429017
"197",6.27223711759964e-06,1.05710189816717e-06,8.60654513237262e-06,2.49082414307895e-06,1.98265652532887e-05,0.000188207830527458
"198",4.4994044214013e-06,5.52268974442178e-06,2.07760896839138e-06,3.57213951860438e-05,2.65364685043887e-05,0.000130060450056932
"199",3.00533915170642e-06,1.66901599385769e-06,1.17286296060424e-05,4.43278296601944e-05,2.7757426162327e-05,0.000163159319008829
"200",3.71233756395597e-06,4.01065381488821e-06,5.44800831129499e-06,3.37007396225238e-05,7.8605212270169e-05,0.000113997308707436
"201",3.25695717819693e-06,1.28779861381225e-06,4.19768500632428e-06,2.59014825028781e-05,1.79897033664038e-05,0.000158525961532457
"202",3.39619103583823e-06,2.46423504659711e-06,1.29901929824984e-05,4.59252516722091e-06,2.69540796749191e-05,0.000225629424474989
"203",4.16096024951334e-06,5.4851506507243e-06,9.12398417229244e-06,2.52195666610795e-05,7.40358755560697e-05,0.000147903931100567
"204",7.99029555829595e-07,4.64643552237306e-06,2.78665457704937e-06,1.99719685056902e-05,3.17415485435681e-05,0.000170566850376494
"205",4.42229090313885e-06,4.18712452477225e-06,1.0286562023859e-05,1.20854887544918e-05,7.22289369542313e-06,0.000197876332577632
"206",1.14472276802367e-06,5.20002997831999e-06,1.11792462276641e-05,8.37381290215965e-06,3.43097663624036e-05,0.000129838189097597
"207",5.59294110584667e-06,7.87605753113894e-06,7.38862958846624e-06,2.95027002254364e-05,5.76615252511114e-05,5.68106662953859e-05
"208",1.19506271374751e-06,4.46588163545668e-06,1.15112259223961e-05,1.17504229480233e-05,1.91990305095526e-05,0.000159077577475905
"209",1.71477512904473e-06,5.76448353667563e-06,6.0504706935254e-06,2.32280926078492e-05,2.43511515746131e-05,0.000156829847220128
"210",5.76137245267097e-06,8.18126177202146e-06,6.5243317858834e-06,1.37335517846999e-05,4.66711698352768e-05,0.000113191852193243
"211",5.2145055701102e-06,2.73994604285302e-06,1.18002887479951e-05,1.02979268147717e-05,3.19543209461095e-05,4.9281269403882e-05
"212",5.37960791670915e-06,4.85703610700907e-06,5.02780379002889e-06,8.59062175053774e-06,1.61881806209763e-05,0.000104532376288115
"213",1.49412398012222e-06,3.26548584620687e-06,7.74561286349965e-06,2.69297872547572e-05,1.50747439062859e-05,0.000110262450485837
"214",2.05858628732927e-06,2.0281139307179e-06,1.46350213360052e-05,1.29129870914558e-05,7.10205781841799e-05,0.00017895804890431
"215",1.58926555219599e-06,3.34755765786743e-06,6.63166389949644e-06,8.92366852110332e-06,1.43432473135348e-05,3.44665711332051e-05
"216",3.59872953797646e-06,5.38426111722079e-06,3.6413918330725e-06,5.81072318133707e-06,6.97030583536221e-05,7.68771697135097e-05
"217",2.47425707817746e-06,1.55918635000561e-06,6.50061442755457e-06,3.08824841733026e-05,1.62701662219316e-05,0.000146453532362022
"218",4.05561903651464e-06,5.34636293708793e-06,7.01652643851522e-06,1.09118214271421e-05,7.70486969621287e-05,3.10111529531477e-05
"219",5.6297416574678e-06,1.15837066992523e-05,5.62851176457947e-06,8.41120311618113e-06,2.6092031023107e-05,9.951052268642e-05
"220",8.11447086094535e-06,3.40537697860974e-06,9.36836236121368e-06,2.84622206712407e-05,2.92090304415861e-05,0.000153935572591358
"221",1.32888763068117e-06,2.76819999546615e-06,8.63695604795122e-06,1.31695097470149e-05,3.25916545522517e-05,4.87664764069299e-05
"222",5.23251678898581e-06,5.35779515208827e-06,1.39876847458199e-05,1.76985208281852e-05,3.85210829988473e-05,5.14674556081052e-05
"223",1.21793164380497e-06,2.29332741333718e-06,8.22764842337073e-06,2.0239104558953e-05,2.04817015661044e-05,0.000209725390998265
"224",9.55306415456572e-07,4.1820460049877e-06,1.76538168050046e-05,1.52633572839019e-05,5.11194723719803e-05,9.1905680376858e-05
"225",2.29464258252495e-06,2.44726572386825e-06,7.1635191626269e-06,1.53413304735081e-05,3.77022474816609e-05,0.000133430074638278
"226",1.02635249119916e-06,8.28376174531125e-06,1.98298122490445e-05,1.48231102639372e-05,6.89280118282928e-06,7.62185810680857e-05
"227",1.71091171573576e-06,4.46316715077214e-06,3.28377813556008e-06,1.98519638310345e-05,9.79360653561916e-06,0.000191154278943634
"228",2.87328138635394e-06,1.41346404642954e-05,8.64360124217543e-06,1.00323802344557e-05,3.89557007467197e-05,0.000142100288354497
"229",3.13290281136476e-06,1.06333294039952e-06,9.62046394915687e-06,1.23230064965814e-05,2.43789093688077e-05,0.000103159671116741
"230",2.79283276173028e-06,3.59304314072178e-06,1.59533341958463e-06,2.99724252810856e-05,2.7339892842011e-05,0.000108250727346068
"231",6.77136297220626e-06,1.8000013845822e-06,1.156649060494e-05,6.62338281551473e-06,2.75116129540224e-05,8.75359728865972e-05
"232",9.54116789802947e-06,8.09910323282738e-06,5.72966965178305e-06,4.85036308295244e-06,9.27759301054721e-06,0.000104226125308991
"233",7.57630311178148e-06,4.72872883008849e-06,4.23601070224308e-06,3.94120305210736e-05,5.08423038502234e-05,8.18245282047942e-05
"234",4.19718152714398e-06,8.33004136730866e-06,1.25585042697595e-05,1.28167646622691e-05,3.54944130439273e-05,0.000143577369720579
"235",8.49461401148138e-06,4.23449846635631e-06,1.15408263985031e-05,1.70028468586313e-05,2.64244386943786e-05,6.13498664548004e-05
"236",2.39821488537254e-06,1.40741581055851e-06,9.11218685132823e-06,3.11846953797683e-05,2.70901011806406e-05,0.000132859237529519
"237",5.4825170464896e-06,3.1030877534869e-06,7.75035744012066e-06,1.22044305510797e-05,2.85736921275249e-05,0.000134304786580711
"238",4.24832137057444e-06,4.10289561402913e-06,8.43779450680536e-06,1.6019533872768e-05,7.93544922767893e-05,0.000119530076293231
"239",1.08197503874599e-06,7.06637196404094e-06,1.05675389622392e-05,1.48368952759368e-05,3.03423008099051e-05,8.84024809246464e-05
"240",3.190274108496e-06,9.13619179614484e-06,4.85565360834622e-06,1.50029497114942e-05,2.94453661646318e-05,0.000148370470276695
"241",6.37013593276647e-06,2.38948921216447e-06,3.52052076262018e-06,1.10318139848771e-05,2.94638441205204e-05,0.000328799413979074
"242",8.04433985953338e-06,1.86871973614147e-06,1.65660799644651e-05,1.29492546673909e-05,3.60814639145203e-05,8.0826232253349e-05
"243",1.71952316179153e-06,1.29819569638089e-05,7.34147218708818e-06,2.18119452468807e-06,2.77700485939052e-05,4.92991863794965e-05
"244",3.61904068422661e-06,4.72762726349266e-06,9.8908401452663e-06,2.89549448908705e-05,1.22047063623106e-05,3.17145688075621e-05
"245",9.12997269816497e-07,4.63332201299067e-06,8.46967380026774e-06,1.78454212030134e-05,1.17709208600865e-05,8.68278287421826e-05
"246",4.11277022438395e-06,4.58637204572859e-06,6.81904179601515e-06,1.01098138451026e-05,2.33242634993772e-05,0.000123714181291063
"247",5.73148848743228e-06,4.36317674696255e-06,4.45005205573035e-06,6.66287911294135e-06,1.47010061492088e-05,0.000132060490160475
"248",2.62812974955748e-06,4.40621707554783e-06,7.75925935680348e-06,2.8466479543142e-05,3.45060816738495e-05,8.07405257327881e-05
"249",4.53599129554722e-06,1.83622499570676e-06,1.04468558999713e-05,1.20871941575361e-05,2.07123717118007e-05,0.000136987407288084
"250",1.33048317804523e-06,9.98345631250061e-06,9.39765743118941e-06,2.08741469026565e-06,2.82307323526872e-05,4.6518925137571e-05
"251",4.84460832435098e-06,5.28735081714955e-06,3.92674345393851e-06,1.97024969861879e-05,1.51937025379736e-05,0.000186756788613393
"252",2.11621750111923e-06,9.96672706860442e-06,7.41175925936076e-06,2.23976293822052e-05,4.91975092996917e-05,0.0002093762608634
"253",1.86214907698334e-06,4.81980129803015e-06,6.77139624069801e-06,6.86833184711311e-06,1.80174275898162e-05,0.000158016392986368
"254",3.63399403283997e-06,3.74882040149167e-06,9.94513176115651e-06,2.58245752220258e-05,6.79516919461944e-05,3.14042453495346e-05
"255",4.08479105344664e-06,6.62358715199615e-06,9.35178169464805e-06,3.17230976149209e-05,1.61809922109628e-05,0.0001861451747231
"256",4.26737542779108e-06,5.04740520843394e-06,6.6498624246942e-06,2.5665884414613e-05,8.11470901396107e-05,0.000182251778977635
"257",1.33926822189904e-06,2.06020329114571e-06,1.41375526442448e-05,4.09375143293968e-05,1.21896313228573e-05,0.000129147559648432
"258",2.3972548316148e-06,5.3924511832843e-06,6.63230732350475e-06,9.26583785014111e-06,1.85568040601047e-05,4.57313230561063e-05
"259",6.62374404686569e-06,3.89825593119052e-06,1.37506872686445e-05,2.49476710252101e-05,4.61308860857105e-05,2.27749415610184e-05
"260",1.45882908424915e-06,3.25109203480037e-06,1.08845159425411e-05,1.09623152148278e-05,1.18320981851439e-05,8.03389468691234e-05
"261",1.76047015423411e-06,3.46089427875564e-06,8.15878412284457e-06,1.26361593057358e-05,2.44259212941531e-05,5.91156048436475e-05
"262",1.58970842386837e-06,2.18540390835474e-06,5.39929894444126e-06,1.66927661585905e-05,1.78999639190993e-05,0.00016794460719113
"263",6.38986784403859e-06,5.08828147315267e-06,8.06502766026607e-06,1.05922047789529e-05,5.83505674243014e-05,8.89282722493651e-05
"264",8.91677956662294e-06,2.81733458615492e-06,9.32965206923084e-06,2.18032657698604e-05,3.2014629130259e-05,6.95237141369181e-05
"265",1.71692206658324e-06,2.94143138786779e-06,6.23098378516288e-06,2.48215089054359e-05,3.4898339329407e-05,0.000100082301962596
"266",3.53518815614869e-06,2.30797942006146e-06,1.48922479553249e-05,5.32409217296762e-06,2.96642831189059e-05,0.000253403234467638
"267",1.17825287691217e-05,8.09637117913451e-06,1.74972568451091e-05,1.07466502233396e-05,2.72987943175821e-05,0.000102110950212068
"268",6.90278264085171e-06,8.59385126124953e-07,1.16832588276422e-05,1.08541914718472e-05,6.62579775613703e-05,8.18020948642962e-05
"269",5.31108534289076e-06,4.01188604366439e-06,4.35153937768282e-06,1.33542822865531e-05,8.78633494313687e-05,7.01121547381242e-06
"270",5.42615637728453e-06,6.63082980269273e-06,1.59422395307926e-06,2.84241732108488e-05,7.61004987240458e-05,2.64744452612472e-05
"271",6.40919982004556e-06,1.07867951136043e-05,1.11971981823288e-05,1.30867385039825e-05,1.97953834539525e-05,0.00021666178719175
"272",2.77230771784969e-06,8.57547720548283e-06,4.53559567166371e-06,8.81218763339506e-06,2.2240435610995e-05,7.0281759046756e-05
"273",5.44166759356139e-06,3.3404612458364e-06,1.24590694784952e-05,1.54471328352053e-05,1.16384529994987e-05,3.08952455788511e-05
"274",3.2657416819659e-06,2.64054808647205e-06,7.98335031490081e-06,1.18501360303466e-05,1.77723827546102e-05,0.000286986620062342
"275",2.84120378255194e-06,5.42500711433395e-06,1.30520859119385e-05,2.16292521157285e-05,7.85174965929808e-05,6.39981124926953e-05
"276",3.55294533153032e-06,8.35806175181308e-06,5.08791663108728e-06,1.10137787259436e-05,4.46571989413073e-05,0.000204040199213158
"277",1.45689365174516e-06,8.8765114596945e-06,7.97076092564229e-06,8.92283172708988e-06,3.76224050061437e-05,0.000155842432789801
"278",4.05851748897902e-06,4.85878386741561e-06,7.60003367189256e-06,1.38805888113899e-05,1.96950452852193e-05,0.000235217552163491
"279",2.46262684340401e-06,8.50918411977927e-06,9.02466364258555e-06,7.92021305647778e-06,8.31051724870227e-06,0.000120262116163681
"280",5.81155596151147e-06,8.53468207515184e-06,2.55333460329278e-05,3.99225658206424e-06,1.00689340469552e-05,8.56363158094287e-05
"281",7.03497673055691e-06,2.25495634209429e-06,8.63872210715034e-06,1.06738652677145e-05,2.66384692774922e-05,0.000242238313093294
"282",3.32754246572101e-06,7.38952356851646e-06,8.65773606789484e-06,2.38741275105706e-05,3.21032643773351e-05,0.000164854713345893
"283",3.62934742111039e-06,2.3536389855172e-06,1.11716479435662e-05,1.44082672216664e-05,3.33128822938405e-05,5.52372878266123e-05
"284",1.04547615949467e-05,2.45733919447917e-06,1.97966544884828e-05,1.51431410111153e-05,5.9327901865156e-05,9.33030866977863e-05
"285",4.50743727194928e-06,7.10352663102075e-06,5.15607977691596e-06,1.19300798867881e-05,1.13759676004952e-05,0.000101523359046979
"286",1.14905845376151e-06,2.59230796422419e-06,3.62958200445999e-06,1.02936650485014e-05,1.6640584442429e-05,9.4017564491098e-05
"287",6.91188804065861e-07,4.27832913708283e-06,5.91391722878981e-06,6.43546095713755e-06,3.01473356371545e-05,0.000268574641452474
"288",2.7202560296168e-06,5.45213888133852e-06,8.64779054812994e-06,1.04897713414048e-05,3.25876370059897e-05,1.95877682708982e-05
"289",9.5025320571348e-07,6.50595124189217e-06,9.47362678138631e-06,9.46281657319689e-06,3.4552023959487e-05,7.13555306038822e-05
"290",6.49603570806656e-06,7.6452846588221e-06,4.79510966108268e-06,3.88486368316374e-06,1.98387479938316e-05,0.00016814581020864
"291",2.87935112449251e-06,5.53842270519182e-06,5.4292884529141e-06,9.24385897712317e-06,4.2689609228372e-05,5.12450978570618e-05
"292",8.8319514190245e-06,9.29769108774737e-06,1.31577643894686e-05,1.24825172510139e-05,2.76591747787919e-05,0.000110828188760817
"293",5.42030767530743e-06,7.67716063219734e-06,4.07001817097016e-06,2.18188377512445e-05,4.06436841221368e-05,0.000188748515764292
"294",1.01158439374861e-06,1.21868142523822e-05,5.18565424376265e-06,1.52815386253671e-05,4.35386743753928e-05,0.000297532542787999
"295",1.83273917781987e-06,2.16608079815676e-06,6.22236351961114e-06,2.81230267114319e-05,5.06883321465795e-05,9.26015206362754e-05
"296",6.47500219498782e-06,1.89113973304288e-06,1.27628971069434e-05,9.60945049519713e-06,1.11002262692832e-05,0.000179877006578238
"297",6.60723251075885e-06,1.91980862351471e-06,1.04907410670958e-05,9.97400534939388e-06,1.60555207033318e-05,0.000165714698014537
"298",6.90304976023602e-06,5.68672671491728e-06,2.29370690558559e-05,1.77890979132331e-05,6.54513302582765e-05,8.31155225100411e-05
"299",1.14816101485277e-06,5.8071232220821e-06,9.46366121829147e-06,1.2693366098659e-05,2.00255473295023e-05,0.00013421802954552
"300",3.39669117717817e-06,4.18445022974441e-06,1.22594695024813e-05,5.83704988254609e-06,2.01446816509712e-05,0.000123734232900971
"301",2.49888336422576e-06,5.27077040660307e-06,1.46323669223673e-05,1.63809446101089e-05,1.67446667985768e-05,5.04151404483729e-05
"302",3.98583667167887e-06,2.60190940222017e-06,6.63144737769927e-06,2.81968449546045e-05,1.45620245106871e-05,0.000133940963653011
"303",1.50401555260645e-06,6.373962971527e-06,4.10283239917633e-06,1.00077240886708e-05,2.20066012620565e-05,8.6149842345565e-05
"304",9.62577031032248e-06,3.88533820823578e-06,8.27543050299373e-06,1.47422813416098e-05,3.1741870438403e-05,6.50421320050024e-05
"305",1.12325929756792e-06,2.04627706447552e-06,2.52125781066302e-06,1.13414714449907e-05,5.35364143032243e-05,0.000123758796418692
"306",1.9040241622564e-06,1.609069074926e-06,2.03823504531339e-06,4.8820624137672e-06,2.32473650584749e-05,0.000112541269294323
"307",4.7962289559517e-06,1.10466028817092e-05,7.10564216350969e-06,1.47889063890168e-05,3.19832656382011e-05,3.24079659662152e-05
"308",6.41947020805296e-06,3.4962214800396e-06,1.32532383298165e-05,2.17735745958261e-05,6.56935505190805e-05,2.92612750546972e-05
"309",3.32491361429271e-06,2.9556541905128e-06,5.27113588646023e-06,7.1219806770313e-06,2.78878658323526e-05,0.000124255799774635
"310",1.33331072698592e-06,7.34113374921039e-07,9.08859754681171e-06,1.22683008569145e-05,2.03230791621104e-05,0.000154374403988422
"311",1.81234496974955e-06,6.44955505137458e-06,8.40133978273687e-06,5.18767675846324e-06,8.98115064162028e-06,0.00015054742073716
"312",7.30828303027605e-06,2.36560354456926e-06,3.73274574155871e-06,8.37022861972109e-06,2.96453698416214e-05,0.000111064544860081
"313",6.42241072005301e-06,3.77581977375175e-06,8.52967995952426e-06,1.08088103249144e-05,5.76442426487055e-05,7.68764052743829e-05
"314",8.60486083810764e-06,7.6324991722926e-06,1.58860525219843e-05,2.0961928900086e-05,5.64448644537362e-05,0.000176044130136153
"315",5.40065090617337e-06,1.04835963831358e-05,5.62705819311098e-06,1.17408900126678e-05,1.38771176948142e-05,0.000200972079088099
"316",3.33493426926701e-06,3.06879976663218e-06,1.08640151274928e-05,1.55643699645438e-05,2.61633131985813e-05,0.000106328139467301
"317",3.37845963316758e-06,5.21616174960227e-06,4.99752956665737e-06,1.2314242471073e-05,5.79680962277582e-05,6.81863306336762e-05
"318",3.07966734301813e-06,7.95674246840208e-06,6.93036741297029e-06,2.69788327398119e-05,3.81551143946191e-05,0.00013057738126598
"319",3.32451172577769e-06,7.52209480283666e-06,3.01166768985457e-06,1.25547557203222e-05,1.27147143536894e-05,0.000194646438271055
"320",7.77659247024954e-07,7.79944054815772e-06,1.75779572535914e-06,2.12806098151601e-05,4.38327948366076e-05,8.79477377136145e-05
"321",4.49763336504929e-06,3.41318746447647e-06,2.70551365812768e-06,1.49275843829895e-05,2.18216053307437e-05,0.000186744652945917
"322",2.57183439266829e-06,4.94302423162626e-06,9.03123713133516e-06,1.79200203555866e-05,2.16038115106924e-05,6.02560088009561e-05
"323",3.79934564296809e-06,7.30408425931789e-06,8.40849569407342e-06,2.12724657773597e-05,2.69960583247067e-05,5.18507530671025e-05
"324",4.52173093633295e-06,7.56457986689502e-06,6.74194511226277e-06,3.51009342140762e-05,3.02253858962457e-05,0.000107557253998331
"325",3.12079438130455e-06,3.36997217771359e-06,2.97560314367436e-06,3.40111698562643e-06,3.61121270489998e-05,6.86488679284776e-05
"326",4.40263588985163e-06,7.58154010546335e-06,7.89470192453147e-06,9.06704081708077e-06,1.98578279925813e-05,5.50474091229845e-05
"327",8.36596234663699e-06,1.94813008299442e-06,1.12223113556246e-05,1.16105872735732e-05,2.25452152072317e-05,0.000103635519575639
"328",6.76605966016899e-06,3.51106189084348e-06,2.67161424739605e-06,1.28059263117472e-05,1.48957895179529e-05,9.28248144898794e-05
"329",3.35484893447831e-06,3.90985256468416e-06,6.56149046305528e-06,1.11809384740004e-05,4.23700453646414e-05,3.62951230903321e-05
"330",3.04869359008662e-06,1.88290107905931e-06,6.09244017513148e-06,2.51082137144782e-05,3.06470240457826e-05,0.000171231258289246
"331",4.05801709823836e-06,2.17276602625527e-06,5.11103623028033e-06,4.47933128443243e-05,1.68764277100741e-05,0.000235909649477315
"332",1.07501434344224e-06,6.35828133640088e-06,4.09969527066917e-06,2.01275097172315e-05,5.21944981605414e-05,5.96184538171346e-05
"333",5.96982820384429e-06,3.84965455340954e-06,1.37212426517224e-05,2.60387620779251e-05,1.6729931568795e-05,0.000183187619234237
"334",2.79230986444096e-06,4.58593522229757e-06,8.10452124985139e-06,1.54744344529429e-05,1.81059523305974e-05,0.000147646111447219
"335",8.15809830157312e-06,4.96776366460624e-06,5.6400272333992e-06,7.3770729525904e-06,7.09643272786627e-05,0.00013567790247214
"336",5.06623014338012e-07,3.63695648670396e-06,3.45489019107988e-06,2.37602337348474e-05,4.68908167792144e-05,0.000161539765508106
"337",2.82567334507919e-06,2.57177460954721e-06,6.41757380440918e-06,1.35470522241902e-05,3.27061502868209e-05,0.00011444995914334
"338",2.78501737304023e-06,3.5444873606174e-06,1.78059061034951e-05,1.03090855074088e-05,2.34361619543293e-05,0.000130040825060343
"339",2.57474324608901e-06,1.63028312559403e-06,1.29229709713227e-05,2.84216854769232e-05,1.41287085204534e-05,0.000191732212192459
"340",3.60149301898522e-06,1.42749064315151e-06,3.90252810851258e-06,3.62592565787373e-05,3.60551187447955e-05,0.000276025131579893
"341",8.57303619323795e-07,1.05808126290537e-05,3.32584475114234e-06,9.80640902363772e-06,3.47614024265694e-05,9.96787968473867e-05
"342",1.95153593165935e-06,3.92537613237555e-06,5.00460084018918e-06,1.46733782670696e-05,4.67688441164517e-05,0.000122173995094577
"343",4.64284340070115e-06,2.48111777287945e-06,1.19426247876583e-05,5.8317770453041e-06,2.47074533621397e-05,0.000100399842288761
"344",3.84589536312082e-06,7.22150502875034e-06,1.68997429595564e-05,9.93815099561058e-06,5.97115140780279e-05,5.9933260470447e-05
"345",3.22065278543864e-06,8.68254833655475e-06,8.69776126268417e-06,1.1351455369958e-05,3.54867003445708e-05,0.000169124209965015
"346",2.47869121613645e-06,1.90699881175264e-06,9.39475192326048e-06,1.79098511930259e-05,1.13270585539193e-05,0.000170869877311659
"347",2.43187114694382e-06,3.6407906047558e-06,6.025566180194e-06,1.58354542639709e-05,6.17953335179931e-05,0.000109808441703542
"348",4.92445135798482e-06,5.1135274721544e-06,8.05823383430725e-06,1.66299143576794e-05,2.51025553851106e-05,0.000136427355465007
"349",3.26096551477419e-06,4.4735854999932e-06,1.04488541115176e-05,1.83847637052596e-05,7.49702962414131e-05,0.00011338033762842
"350",6.131147408634e-06,7.73097747684519e-06,6.46177889410467e-06,5.33056511166113e-06,3.40894329303934e-05,9.89145989957543e-05
"351",4.05796185521703e-06,2.11809228301759e-06,1.26930966630463e-05,1.62669022891663e-05,4.42713098439428e-05,0.000235755753798454
"352",3.29731782365552e-06,4.85528160298622e-06,1.42336005577001e-05,2.57589512313566e-05,1.75470062456255e-05,0.000134561844627604
"353",5.01680209356799e-06,4.51485941872588e-06,5.73236387106816e-06,2.10300693315752e-05,2.78510418492765e-05,0.000120470249164665
"354",9.18664659308486e-06,1.10956058253436e-05,1.59556068390633e-05,1.15735704186623e-05,1.82372854611723e-05,0.000155255468778255
"355",5.77769690577109e-06,6.57484500743417e-06,4.40000325816303e-06,1.53903487999217e-05,3.86822501847987e-05,2.35195857750175e-05
"356",5.96526001609711e-06,9.2361934540975e-06,2.92733652342033e-06,2.23402970492085e-05,1.65537772493583e-05,3.91266289000963e-05
"357",5.60666563363203e-06,3.49652016743609e-06,3.27467458434186e-06,9.75592395629945e-06,2.5108567419827e-05,0.000145939098256044
"358",6.06501622308514e-06,1.45868113110622e-06,2.34742952252505e-06,1.08916340644941e-05,4.38967080637155e-05,0.000174165778073269
"359",2.64504952894152e-06,1.78455564829791e-05,5.22868056484389e-06,1.46772110436282e-05,2.95844643930535e-05,3.60324135874021e-05
"360",4.72152606291432e-06,6.00804665587616e-06,2.03908019246909e-05,3.5871213748901e-05,1.91606232282055e-05,0.000128974462956864
"361",3.92050897311612e-06,4.95976557390832e-06,1.02405209691596e-05,1.60090584740143e-05,5.56624732389522e-05,0.000148400647931945
"362",2.81483323285558e-06,1.08118146142878e-05,5.18614648094046e-06,4.0707510979113e-05,4.49099049800407e-05,0.000100376947388652
"363",2.98464212835722e-06,1.48152519846975e-06,1.39697694652679e-05,1.87049217108341e-05,8.02022569371066e-05,8.29849287797586e-05
"364",2.9172399656521e-06,8.40248301106198e-06,7.42805259366551e-06,4.82069627831209e-05,3.7084745101896e-05,8.62349242329098e-05
"365",2.43683325626665e-06,4.82088000877504e-06,1.10240186743767e-05,1.89243690794026e-06,4.63158107926288e-05,0.000114325353134482
"366",3.48148646218033e-06,3.53388509391423e-06,2.70835593987452e-06,7.78014327639136e-06,4.86569148756128e-05,0.000129514613116668
"367",1.82416724522331e-06,6.5415729776829e-06,1.11797971154374e-05,4.07967231793167e-05,1.60144120742998e-05,3.86539370710722e-05
"368",4.93932816114589e-06,6.63300658907852e-06,4.50987847013673e-06,1.24504176285791e-05,1.97849259774894e-05,9.82839760355641e-05
"369",2.53406185532717e-06,4.42372652295485e-06,2.22434307277701e-06,1.31672658826964e-05,3.58884120166076e-05,0.000124472223187844
"370",4.46454187209791e-06,3.86454562658824e-06,2.3380565973913e-05,9.36031586710749e-06,2.18840432091958e-05,0.000296753779827636
"371",2.35467918150048e-06,2.58218184259816e-06,5.6672766467671e-06,8.14110123044413e-06,3.17099560895272e-05,0.000161520894277227
"372",4.51964669216433e-06,6.48050762225785e-06,6.85924023978615e-06,1.56630597570135e-05,5.54187616496547e-05,7.66524668822778e-05
"373",4.80941141948983e-06,5.0128654554851e-06,1.90405117383852e-05,1.69012968092468e-05,5.46336101026865e-05,0.000232642731024903
"374",1.5060392194939e-06,4.52456996433197e-06,4.50513009510506e-06,1.14471094420553e-05,6.29175467645187e-05,0.000144389833924616
"375",3.24636802192295e-06,4.98578118157643e-06,1.22697454725435e-05,1.17823302491359e-05,4.66499826331761e-05,0.000222340782131397
"376",2.25352471610531e-06,3.56980675318569e-06,1.15804072582519e-05,5.59400659172769e-06,3.72442035813397e-05,5.46057583837501e-05
"377",8.17128679724116e-06,4.13952243522373e-06,5.00332654191192e-06,6.08767394343722e-06,4.92125721646443e-05,4.47645172606562e-05
"378",3.25844589197883e-06,6.12609742930957e-06,4.46684591686475e-06,3.16782662427416e-05,3.82113908032397e-05,0.000174896980208758
"379",7.59237631618341e-06,2.81784735905984e-06,1.05880982906435e-05,2.86315491653778e-06,2.1759044554714e-05,0.000192092182174161
"380",3.79400305954041e-06,3.26744198999996e-06,4.08670738021152e-06,1.1938025484708e-05,6.45298043422102e-05,6.63628715524561e-05
"381",3.84937500275847e-06,4.10235519452662e-06,1.69911543911477e-05,1.07449767465759e-05,3.03120618650942e-05,0.000122650510691697
"382",4.09121403601951e-06,2.5615125016756e-06,1.59111568999874e-05,1.52840821777977e-05,5.4711710287914e-05,0.00014120639561366
"383",9.10937715101935e-06,3.92728682552004e-06,8.93019193968766e-06,1.76633299533063e-05,1.21556102338188e-05,0.000140702906977527
"384",4.96932338669879e-06,1.17853116447218e-05,2.14756903355309e-05,3.40681423894622e-05,3.74067055038887e-05,0.000122024404437792
"385",1.63521013830226e-06,4.32551031625484e-06,5.48816929721576e-06,9.50265515837614e-06,1.65325991469385e-05,0.000126003775937129
"386",6.86449029483367e-06,9.40925842650098e-07,6.77035544499925e-06,6.44303321709804e-06,5.67382773250007e-05,0.000285500557055607
"387",3.58599891150461e-06,2.93894034212881e-06,1.29976216035068e-05,9.32599092212513e-06,1.71366378482018e-05,0.000226021538093001
"388",3.77813774321816e-06,3.73998323921494e-06,4.18895417401117e-06,2.59789941780638e-05,3.30809017462907e-05,0.000104694238555831
"389",8.60573049626142e-06,8.32463314214337e-06,7.363090607495e-06,9.89685640188715e-06,3.91112802296249e-05,0.00023248285794713
"390",6.18685518674533e-06,5.17962291936431e-06,7.55797784075642e-06,7.89579989117158e-06,2.82009848566811e-05,0.000151427698982734
"391",2.34121276207438e-06,7.4870418520914e-06,2.59266807792151e-05,1.38185041414083e-05,2.35271494546052e-05,0.000118426314808788
"392",3.11365518487634e-06,6.46189457796669e-06,9.63359113729622e-06,9.07969927249822e-06,4.02164791787102e-05,0.000108063621143916
"393",3.53359464801359e-06,6.93293578946852e-06,1.26235752094435e-05,1.71431400343213e-05,9.83087544451837e-06,0.000118921811127711
"394",5.5260068781325e-06,3.59856369403164e-06,3.66893698577697e-06,1.50489271712169e-05,4.37586787478359e-05,0.000107616970209976
"395",6.93488229838479e-06,8.93808260776244e-06,6.53147132419088e-06,1.39097038213136e-05,3.96648747280789e-05,0.000215669442328162
"396",1.42496468224275e-06,4.5094213503073e-06,1.18880370021226e-05,1.79520175969931e-05,4.36732932266539e-05,9.8665909420512e-05
"397",2.25871783804558e-06,5.03103049501608e-06,7.92676738246222e-06,3.20819387432563e-05,3.77298458859156e-05,5.65546217103699e-05
"398",1.63149228530405e-06,5.53586814019388e-06,1.61612048766694e-05,2.56641032850587e-05,3.06191637821594e-05,9.43247841950307e-05
"399",8.14175859901642e-06,2.76152297636563e-06,4.47168760173389e-06,1.46442324609034e-05,1.99969759586542e-05,8.49563971842497e-05
"400",4.69646491925555e-06,6.73172315141331e-06,1.05154052608993e-05,1.28982591277587e-05,1.64976545710513e-05,0.000165930153602876
"401",2.82996577019803e-06,3.74965787073739e-06,6.88819175446587e-06,3.30413837430408e-05,5.39649064684735e-05,0.000148783975229223
"402",5.22904729930646e-06,6.72439019527081e-06,6.6676432581177e-06,1.5725344381296e-05,1.39321851843304e-05,7.80424778998746e-05
"403",3.07388424323443e-06,9.54937604604841e-06,1.51557915907412e-05,4.01614648125879e-06,3.05369069798502e-05,4.8308029420589e-05
"404",5.79264952363944e-06,1.52618881164619e-06,2.46894290052875e-06,3.32174033525757e-05,1.63232056997621e-05,5.04797142146076e-05
"405",4.90944458262943e-06,7.49359289395861e-06,1.40592092893338e-05,1.39764563467631e-05,2.13020586241052e-05,0.000161616612414618
"406",3.76080937633129e-06,8.87652738713097e-06,1.39171002513305e-05,2.74560614732548e-06,1.89910091455167e-05,0.000252991501465157
"407",4.73626047750291e-06,8.63722258102655e-06,9.52901582203612e-06,2.32453043507942e-05,6.21481565956771e-05,0.000105184400534614
"408",2.24791293476922e-06,4.90996140742515e-06,1.85045983216492e-06,2.66054307964161e-05,3.63019543157786e-05,0.000103377164692923
"409",7.4449498105404e-06,2.0716980331649e-06,1.87249686261678e-05,1.50181572426234e-05,1.1706083320058e-05,0.000139343768132682
"410",5.62362759594713e-06,2.63757524055848e-06,4.93628263266614e-06,2.68305313233629e-05,1.82658184389361e-05,0.000112038129166338
"411",1.45554232753503e-06,6.34903085389852e-06,6.55390553574977e-06,1.31601533058625e-05,1.86239774683768e-05,0.000357993071131111
"412",4.11777566565392e-06,3.98552359758367e-06,8.33917432710953e-06,2.87173217026898e-05,2.30345649543911e-05,0.000177749323132392
"413",5.32248453838367e-06,4.73047735247662e-06,6.45450498423415e-06,2.55760514901768e-05,2.87775008087212e-05,0.000101521320823
"414",3.6304098532402e-06,4.97000746018547e-06,3.03712464971266e-06,1.17728105299095e-05,4.58064103445592e-05,9.07814984632847e-05
"415",7.49128031612638e-06,4.15747437862038e-06,1.09106381654156e-05,1.81607895255571e-05,1.64232937961916e-05,0.000159821128986975
"416",5.8782013985319e-06,5.10089825104477e-06,2.23731463301721e-06,1.18106066830507e-05,4.82100007243869e-05,0.000127034224690714
"417",7.22160100165598e-06,5.80062734241329e-06,1.12262607528733e-05,1.32849244345412e-05,2.04312024305498e-05,0.000144223478553291
"418",2.22055606642571e-06,2.88758430998044e-06,1.14590301273423e-05,8.20086391700513e-06,2.13339038328589e-05,0.000158500562981254
"419",4.28981491169584e-06,6.99508851577465e-06,9.23495446088312e-06,8.31969186228271e-06,2.39390531152852e-05,0.000307234557909368
"420",2.44762533357236e-06,2.72327111005862e-06,8.17121281453479e-06,8.97793523766553e-06,1.76785047686884e-05,0.000137436891941839
"421",3.34978669774682e-06,1.6615235861002e-06,1.18040321192016e-05,5.09154458768219e-06,3.93325541302607e-05,7.74427259737225e-05
"422",7.9167242056832e-06,4.70435058238101e-06,8.02076046297098e-06,6.03942988373009e-06,7.26880300338045e-05,6.67321426916325e-05
"423",6.0554585340696e-06,4.14711163443556e-06,9.44032324850525e-06,1.20562400903112e-05,1.98886626642923e-05,0.000265303488596311
"424",9.0839875431949e-06,2.38493004558828e-06,4.06007986750671e-06,1.40600447888476e-05,1.85677407186417e-05,0.00016632442128026
"425",4.10863187913379e-06,2.79235910691713e-06,1.12118184508929e-05,2.12582434272136e-05,2.05937404097662e-05,2.88670306624354e-05
"426",1.12818561563427e-06,3.9269728403095e-06,2.91568028850558e-06,5.7595546735235e-06,3.58041552052288e-05,0.000240561834034025
"427",3.68253689440183e-06,1.14499693438746e-05,1.28996128773724e-06,1.51587286767763e-05,4.42075144482628e-05,6.50192502353401e-05
"428",2.05976639651016e-06,4.32468860512293e-06,1.55947228388964e-05,1.08843519455337e-05,2.97179885025096e-05,0.000189818907909921
"429",3.4257265303615e-06,4.56852066063454e-06,1.91982934053067e-05,1.68558487186991e-05,2.65126859777962e-05,4.93855111403553e-05
"430",1.33572903179766e-06,3.29224069720554e-06,1.95104544666554e-06,3.85704873930182e-06,9.87725873030543e-06,6.5482875767243e-05
"431",8.7931768710793e-07,5.26088908477763e-06,4.92147952455359e-06,1.78290151300654e-05,4.22220492192757e-05,8.15609102895014e-05
"432",2.43092249853938e-06,3.94040739432435e-06,9.79085022919609e-06,1.73994472258813e-05,2.87533415649544e-05,0.00016402156120913
"433",1.50219349956246e-06,2.30123978645416e-06,4.13885113613228e-06,8.99413361312388e-06,1.76239888414886e-05,1.88946355467834e-05
"434",3.06666000228861e-06,2.83066278501014e-06,4.21044115276837e-06,1.610870632224e-05,1.26438891904332e-05,0.000247268339638061
"435",3.57533329343081e-06,5.02119289414877e-06,5.03288884328993e-06,4.31037420171167e-06,8.01405036872894e-05,0.000108814336654435
"436",1.99123692768483e-06,1.40117811388755e-07,8.964660508256e-06,2.2745755205562e-05,1.21789758920299e-05,0.000153879314706584
"437",3.76292996891332e-06,3.71790207064919e-06,1.0718098461897e-05,1.00782847874748e-05,1.70963970220236e-05,0.000261447987330348
"438",4.84538759398353e-06,2.43740586810908e-06,2.39290391614674e-06,1.99159784324912e-05,6.84089345527109e-05,0.000148757110009295
"439",3.30333658935392e-06,4.61404811218492e-06,5.85178193027941e-06,1.30886436140287e-05,5.84168441699945e-05,0.000176639029067843
"440",1.22474130622721e-06,2.61178772817768e-06,5.17528884293828e-06,2.03031335192055e-05,4.67325065103166e-05,7.23663128639778e-05
"441",1.26054961981086e-06,1.3134109702347e-06,3.91023535730307e-06,2.05528808818217e-05,6.31379979393984e-05,8.8493765776865e-05
"442",5.51639660582534e-06,6.23563738550036e-06,5.18930186936963e-06,6.32991858650906e-06,5.82444979403515e-05,0.000218742962505825
"443",3.03309945916103e-06,4.51051271497632e-06,2.31507422111175e-05,1.10631864336166e-05,2.19584702402955e-05,0.000136770030106042
"444",2.38999407358828e-06,2.277567164739e-06,6.13885644880613e-06,6.38374656780517e-06,2.01094553063553e-05,0.000301670681122457
"445",3.16563177195461e-06,1.01626986211507e-05,7.49951729260012e-06,1.68283350721235e-05,7.11772428854489e-05,6.65618801138249e-05
"446",1.80777209034415e-06,1.57195119758745e-06,6.54542007319883e-06,8.38178264382638e-06,3.45528243424627e-05,0.000193198775209686
"447",2.40995316220365e-06,1.71528968580576e-06,9.18319598523213e-06,1.42643997704034e-05,2.12121801960718e-05,0.000157102259140298
"448",2.83424433673423e-06,5.67715430062266e-06,3.49858313480232e-06,9.05181013466397e-06,2.13377583230029e-05,7.84987590392058e-05
"449",4.68016946310656e-06,5.95394467296686e-06,9.28022359206279e-06,3.3756020621072e-05,6.29226953666387e-06,0.000168561736177992
"450",3.46574167855572e-06,4.99467047273192e-06,4.08180524681362e-06,1.1418309117184e-05,5.16355345585346e-05,0.000115059937027918
"451",2.51184276075441e-06,1.7791374717994e-06,8.01008906302861e-06,2.25635728776739e-05,7.40224678628991e-05,0.000156504206512143
"452",5.88380274716061e-06,3.41096732787959e-06,1.29218293343562e-05,1.13373355726601e-05,2.90708161182488e-05,0.00017931779410744
"453",3.14273265543316e-06,8.01378201099643e-07,1.13908372041475e-05,1.79059191942126e-05,2.62949951518166e-05,0.000206650845282735
"454",2.73540688149293e-06,3.83459795840889e-06,8.88713729758505e-06,2.24953418637588e-05,3.28535930363217e-05,0.000101321213068736
"455",4.34027315674168e-06,9.91998120014917e-06,1.22264092115356e-05,7.91957820799952e-06,8.22173790592015e-05,1.9886252711637e-05
"456",3.1186272748433e-06,5.39919305139668e-06,9.55011814037796e-06,1.02613560346127e-05,3.59480577640615e-05,2.70758691923099e-05
"457",5.55202454002377e-06,5.52314433476461e-06,5.02749029055435e-06,1.15784789049832e-05,4.77656171570767e-05,8.9505873009147e-05
"458",6.30744508316262e-06,4.30428997500247e-06,2.71091935482403e-06,2.27755393726091e-05,3.89329544974908e-05,0.000121062429993552
"459",3.5039460935169e-06,4.07385743404319e-06,1.05476699376986e-05,7.56449167417313e-06,2.298191773513e-05,0.000183252385665422
"460",1.0952237618399e-06,8.76869490080149e-06,5.55458737064956e-06,1.78056166744614e-05,3.84578806900702e-05,0.000139424383750498
"461",9.64338832215415e-06,2.55523879865054e-06,2.88147835501482e-06,1.77732733966741e-05,9.81284533770495e-05,0.000100137525243708
"462",4.83814502455708e-06,2.55412747606862e-06,7.57083424918812e-06,2.27760959113695e-05,1.50015217985109e-05,7.63155793208963e-05
"463",4.73657981241742e-06,6.94242384629068e-06,1.03475038820874e-05,1.06383031945615e-05,1.49168938356888e-05,6.98030524173088e-05
"464",5.69955076249243e-06,3.60700337755663e-06,1.34864793963024e-05,1.33028119880411e-05,2.26721289972018e-05,0.000122077599345964
"465",2.34517727402501e-06,1.55158582328893e-06,1.11104434456873e-05,3.17690845139282e-05,3.04200520180013e-05,0.000151529124953593
"466",1.24506658394018e-06,1.90760041007355e-06,6.94971244548011e-06,1.16461959834537e-05,7.02258577076081e-05,0.000121671339976021
"467",3.78988884355225e-06,3.22186894076699e-06,6.91514388191344e-06,1.28412917376058e-05,4.20945398813155e-05,5.94710451909637e-05
"468",1.7758268873999e-06,4.39401246146346e-06,6.70140342866261e-06,2.10099119301655e-05,5.88103732438472e-05,0.000124787574591226
"469",2.83720183488265e-06,1.45144043780026e-06,3.28183026150059e-06,3.4963975904718e-05,3.70690525675014e-05,0.000247516596387719
"470",5.07726419570726e-06,5.18657350356427e-06,9.92592163984259e-06,2.25315787836899e-05,7.24792877804629e-05,0.000122579543338011
"471",7.03906755305497e-06,4.41127081677775e-06,8.04827643645753e-06,8.48864482813103e-06,5.87488905809313e-05,6.06178884233445e-05
"472",2.96020579084429e-06,6.01942115225175e-06,1.65328993490654e-05,1.21743678197094e-05,7.41512840509085e-06,0.000117962613889879
"473",3.20277722691139e-06,2.23471812574433e-06,1.24311529726362e-05,9.76216823450427e-06,2.83768216165081e-05,7.6139144539058e-05
"474",3.60016944946976e-06,2.99173657446017e-06,2.34649263728145e-06,8.83514281734954e-06,3.62813438552969e-05,6.6677616438082e-05
"475",3.98743839753736e-06,3.40673712405919e-06,8.23045695953562e-06,1.13393461711593e-05,2.55233938862629e-05,0.000228773724317332
"476",7.35677057201466e-06,4.98907413009525e-06,1.04556133262278e-05,7.42327278892585e-06,3.80225663457771e-05,3.57118733224683e-05
"477",2.88749274132633e-06,2.8224235950979e-06,1.11512908426179e-05,7.30227345922281e-06,3.97966397443203e-05,6.81928144000962e-05
"478",4.47852574583107e-06,2.80201293105199e-06,1.27024458449155e-05,1.41284321808584e-05,2.94979797815577e-05,6.94800375098904e-05
"479",4.68906961303665e-06,4.49540146685799e-06,1.8240506447525e-05,1.28818539020083e-05,2.43147494397613e-05,0.000127238051789607
"480",4.4734837317154e-06,4.11715512581793e-06,7.69311391206918e-06,9.68274768673742e-06,9.10053555082823e-05,0.000213743587167478
"481",1.66815835775955e-06,9.10075803120185e-06,1.65366528257828e-05,1.1007437528632e-06,3.54361898420562e-05,8.72849904261016e-05
"482",5.82941466441035e-06,6.02732593615504e-06,5.42308374964186e-06,1.55223831991054e-05,2.12690979182166e-05,0.000162206488015442
"483",3.27741466607267e-06,4.27052407145225e-06,1.38197353951451e-05,6.86990647253224e-06,2.10507862675101e-05,0.000127540285782415
"484",6.05141360539839e-06,5.08350483101896e-06,6.49866250870107e-06,2.10875358494892e-05,6.42828367406527e-05,4.06594298350987e-05
"485",5.23661540406145e-06,5.89429426620114e-06,5.63453985840369e-06,8.28821188546658e-06,2.71370548909185e-05,0.00013040627080633
"486",2.71809324539079e-06,4.74252688634889e-06,5.32533640943806e-06,1.08231203010322e-05,2.05508412946031e-05,2.05334927197326e-05
"487",3.50311366481369e-06,1.06173051629578e-05,2.33674409070169e-06,1.22634170046436e-05,4.28017643641325e-05,0.000105297542177732
"488",2.96027201506309e-06,6.79640707703504e-06,6.1889301451839e-06,2.35652651242269e-05,0.000109604971044624,0.000133189746641341
"489",2.741466398105e-06,3.63367756452303e-06,2.18386493084499e-05,8.54250006728152e-06,1.1483359251419e-05,0.000281706235983416
"490",6.23015626877794e-06,6.35337180213054e-06,6.32570830831852e-06,2.00006951325007e-05,2.38117185241951e-05,0.000157704156220184
"491",1.88388969334031e-06,8.3477470019673e-06,6.48393928275639e-06,1.20689774044526e-05,3.77691762646858e-05,2.56980582535918e-05
"492",2.97482003021411e-06,9.36354973576087e-06,4.83992713043977e-06,2.3364498511255e-05,4.5086743290205e-05,0.000275053514676077
"493",9.43580028406789e-06,6.5350432300811e-06,3.32350294335625e-06,2.98079037448101e-05,7.06648754884125e-05,6.23863225844049e-05
"494",9.91149525315788e-07,3.68114703806913e-06,1.00466680147485e-05,1.59995694545715e-05,2.79206352899694e-05,0.00013417802267169
"495",1.27078410307261e-06,4.12313995638764e-06,1.56981786465549e-05,1.05873106410559e-05,1.63009010901012e-05,0.000220194429352033
"496",3.06776896022444e-06,2.63474824525047e-06,4.53669816832071e-06,2.90499545512326e-05,1.59259966181134e-05,0.000117504305453267
"497",5.28958204738111e-06,1.66905218933086e-06,1.08346778135923e-06,1.49419462881367e-05,5.68807712061254e-05,0.000110386293587433
"498",1.305051149089e-06,2.75305601599578e-06,1.75802406292764e-05,2.05242394836458e-05,3.34734192802789e-05,3.78636930374374e-05
"499",5.23410379374701e-06,6.72461848304643e-06,5.31613660475981e-06,1.51229104976246e-05,3.28619344695824e-05,5.2173717064962e-05
"500",3.16483092205677e-06,4.16254071164599e-06,4.40588933471043e-06,1.5723622769744e-05,5.27673838122292e-05,0.00011688053831918
